datetime,created_at,updated_at,timestamp,zone_name,carbon_intensity_avg,carbon_intensity_direct_avg,carbon_intensity_production_avg,carbon_intensity_discharge_avg,carbon_intensity_import_avg,total_production_avg,total_storage_avg,total_discharge_avg,total_import_avg,total_export_avg,total_consumption_avg,production_sources,power_origin_percent_fossil_avg,power_origin_percent_renewable_avg,power_production_percent_fossil_avg,power_production_percent_renewable_avg,power_production_nuclear_avg,power_production_geothermal_avg,power_production_biomass_avg,power_production_coal_avg,power_production_wind_avg,power_production_solar_avg,power_production_hydro_avg,power_production_gas_avg,power_production_oil_avg,power_production_unknown_avg,power_consumption_nuclear_avg,power_consumption_geothermal_avg,power_consumption_biomass_avg,power_consumption_coal_avg,power_consumption_wind_avg,power_consumption_solar_avg,power_consumption_hydro_avg,power_consumption_gas_avg,power_consumption_oil_avg,power_consumption_unknown_avg,power_consumption_battery_discharge_avg,power_consumption_hydro_discharge_avg,power_net_discharge_battery_avg,power_net_discharge_hydro_avg,power_net_import_US-CAR-CPLE_avg,carbon_intensity_exchange_US-CAR-CPLE_avg,power_net_import_US-CAR-CPLW_avg,carbon_intensity_exchange_US-CAR-CPLW_avg,power_net_import_US-CAR-DUK_avg,carbon_intensity_exchange_US-CAR-DUK_avg,power_net_import_US-MIDW-LGEE_avg,carbon_intensity_exchange_US-MIDW-LGEE_avg,power_net_import_US-MIDW-MISO_avg,carbon_intensity_exchange_US-MIDW-MISO_avg,power_net_import_US-NY-NYIS_avg,carbon_intensity_exchange_US-NY-NYIS_avg,power_net_import_US-TEN-TVA_avg,carbon_intensity_exchange_US-TEN-TVA_avg,latest_forecasted_wind_x_avg,latest_forecasted_wind_y_avg,latest_forecasted_solar_avg,latest_forecasted_temperature_avg,latest_forecasted_dewpoint_avg,latest_forecasted_precipitation_avg,latest_forecasted_price_avg,latest_forecasted_production_avg,latest_forecasted_consumption_avg,latest_forecasted_power_net_import_US-CAR-CPLE_avg,latest_forecasted_power_net_import_US-CAR-CPLW_avg,latest_forecasted_power_net_import_US-CAR-DUK_avg,latest_forecasted_power_net_import_US-MIDW-LGEE_avg,latest_forecasted_power_net_import_US-MIDW-MISO_avg,latest_forecasted_power_net_import_US-NY-NYIS_avg,latest_forecasted_power_net_import_US-TEN-TVA_avg,latest_forecasted_production_solar_avg,latest_forecasted_production_wind_avg
2020-01-01T00:00:00+00:00,2022-02-04T16:49:58.284222+00:00,2023-01-12T00:15:13.178380+00:00,1577836800.0,US-MIDA-PJM,382.14,314.86,384.27,,227.19,97278.0,,,1342.0,7208.0,91412.0,eia.gov,56.39,9.53,56.7,9.41,32962.0,,,15082.0,5461.0,0.0,3697.0,39095.0,206.0,775.0,31156.37,0.0,0.0,14082.37,5062.49,0.08,3645.77,36550.25,190.94,723.72,0.0,0.0,,,-842.0,382.14,29.0,431.48,500.0,233.88,-213.0,382.14,-4969.0,382.14,-1184.0,382.14,813.0,215.78,5.13,0.63,130.82,275.47,271.73,0.35,,,98519.0,,,,,,,,,
2020-01-01T01:00:00+00:00,2022-02-04T16:49:58.284222+00:00,2023-01-12T00:15:13.178380+00:00,1577840400.0,US-MIDA-PJM,377.11,310.43,379.62,,219.98,94547.0,,,1513.0,6969.0,89091.0,eia.gov,55.79,9.13,56.15,8.99,32960.0,,,14334.0,5812.0,0.0,2691.0,37755.0,208.0,787.0,31257.23,0.0,0.0,13397.57,5392.29,0.03,2741.08,35374.67,192.91,735.21,0.0,0.0,,,-763.0,377.11,26.0,440.44,472.0,245.86,-125.0,377.11,-4951.0,377.11,-1130.0,377.11,1015.0,202.29,5.2,0.51,,275.16,271.59,,,,95499.0,,,,,,,,,
2020-01-01T02:00:00+00:00,2022-02-04T16:49:58.101622+00:00,2023-01-12T00:23:43.689021+00:00,1577844000.0,US-MIDA-PJM,375.74,309.21,378.52,,211.23,91873.0,,,1553.0,6655.0,86771.0,eia.gov,55.68,8.31,56.08,8.14,32874.0,,,13802.0,5727.0,0.0,1753.0,36719.0,212.0,786.0,31248.33,0.0,0.0,12913.06,5321.98,0.0,1885.99,34468.88,196.9,735.86,0.0,0.0,,,-801.0,375.74,23.0,442.93,423.0,236.0,-279.0,375.74,-4623.0,375.74,-952.0,375.74,1107.0,196.95,5.26,0.33,,274.87,271.38,,,,90789.0,,,,,,,,,
2020-01-01T03:00:00+00:00,2022-02-04T16:49:58.284222+00:00,2023-01-12T00:23:16.918659+00:00,1577847600.0,US-MIDA-PJM,373.2,307.19,375.42,,215.33,88865.0,,,1250.0,6270.0,83845.0,eia.gov,55.26,7.56,55.57,7.45,32862.0,,,13256.0,5654.0,0.0,964.0,35117.0,211.0,801.0,31172.23,0.0,0.0,12408.39,5264.81,0.0,1073.09,32979.2,196.32,750.95,0.0,0.0,,,-723.0,373.2,21.0,445.64,372.0,221.62,-457.0,373.2,-4187.0,373.2,-903.0,373.2,857.0,206.95,5.05,0.38,0.0,275.04,271.72,0.1,,,85936.0,,,,,,,,,
2020-01-01T04:00:00+00:00,2022-02-04T16:49:58.284222+00:00,2023-01-12T00:15:13.178380+00:00,1577851200.0,US-MIDA-PJM,360.48,295.6,362.43,,216.85,86077.0,,,1172.0,5917.0,81332.0,eia.gov,53.81,7.54,54.09,7.45,33103.0,,,11938.0,5479.0,0.0,933.0,33628.0,214.0,782.0,31432.64,0.0,0.0,11199.49,5115.11,0.0,1015.45,31635.04,199.49,734.78,0.0,0.0,,,-538.0,360.48,21.0,451.82,396.0,209.92,-265.0,360.48,-4556.0,360.48,-558.0,360.48,755.0,213.95,5.02,0.16,,274.71,271.49,,,,82227.0,,,,,,,,,
2020-01-01T05:00:00+00:00,2022-02-04T16:49:58.778849+00:00,2023-01-12T00:23:22.177313+00:00,1577854800.0,US-MIDA-PJM,356.75,294.67,358.29,,220.74,84281.0,,,954.0,5679.0,79556.0,eia.gov,51.76,9.06,51.96,9.02,32886.0,,,12793.0,6905.0,0.0,696.0,30151.0,212.0,638.0,31168.97,0.0,0.0,11997.48,6452.78,0.0,754.09,28385.22,197.88,599.57,0.0,0.0,,,-559.0,356.75,12.0,481.43,273.0,206.37,-240.0,356.75,-4351.0,356.75,-529.0,356.75,669.0,221.93,5.04,0.02,,274.49,271.24,,,,79789.0,,,,,,,,,
2020-01-01T06:00:00+00:00,2022-02-04T16:49:58.101622+00:00,2023-02-10T02:39:04.634021+00:00,1577858400.0,US-MIDA-PJM,370.16,306.14,371.43,,222.54,83229.0,,,718.0,7030.0,76917.0,eia.gov,53.76,6.38,53.92,6.33,33083.0,,,13080.0,4762.0,0.0,503.0,30802.0,213.0,786.0,30653.85,0.0,0.07,12022.32,4372.29,0.0,537.71,28412.17,195.17,723.43,0.0,0.0,,,-551.0,370.16,4.0,498.49,181.0,205.26,-219.0,370.16,-6260.0,370.16,70.0,200.52,463.0,230.24,4.97,-0.07,0.0,274.26,271.02,0.16,,,78767.0,,,,,,,,,
2020-01-01T07:00:00+00:00,2022-02-04T16:49:58.284222+00:00,2023-02-10T02:47:49.308902+00:00,1577862000.0,US-MIDA-PJM,368.38,304.42,369.53,,221.38,81521.0,,,641.0,7304.0,74858.0,eia.gov,53.6,5.73,53.75,5.68,33070.0,,,12638.0,4141.0,0.0,492.0,30171.0,219.0,790.0,30441.13,0.0,0.03,11548.9,3779.49,0.0,511.55,27654.75,199.54,722.6,0.0,0.0,,,-579.0,368.38,5.0,497.7,190.0,204.42,-186.0,368.38,-6539.0,368.38,40.0,199.21,406.0,228.09,4.9,-0.1,,274.0,270.78,,,,78613.0,,,,,,,,,
2020-01-01T08:00:00+00:00,2022-02-04T16:49:58.284222+00:00,2023-01-12T00:23:20.739679+00:00,1577865600.0,US-MIDA-PJM,364.62,301.07,365.87,,221.04,81103.0,,,710.0,7088.0,74725.0,eia.gov,53.12,6.16,53.28,6.1,32942.0,,,12382.0,4369.0,0.0,581.0,29844.0,221.0,764.0,30428.36,0.0,0.0,11348.39,3996.77,0.0,609.37,27440.44,201.86,699.8,0.0,0.0,,,-660.0,364.62,3.0,497.45,135.0,205.2,-118.0,364.62,-6253.0,364.62,-57.0,364.62,572.0,223.33,4.74,-0.07,,273.75,270.63,,,,79318.0,,,,,,,,,
2020-01-01T09:00:00+00:00,2022-02-04T16:49:58.284222+00:00,2023-01-12T00:23:16.918659+00:00,1577869200.0,US-MIDA-PJM,370.14,306.44,371.43,,214.15,82122.0,,,677.0,5629.0,77170.0,eia.gov,53.47,6.33,53.63,6.25,32945.0,,,13113.0,4111.0,0.0,1020.0,29946.0,221.0,766.0,31021.81,0.0,0.0,12257.93,3837.43,0.0,1050.21,28081.05,205.98,715.6,0.0,0.0,,,-732.0,370.14,2.0,494.77,74.0,211.31,-141.0,370.14,-4732.0,370.14,-24.0,370.14,601.0,213.56,4.32,0.01,0.0,273.62,270.55,0.04,,,81226.0,,,,,,,,,
2020-01-01T10:00:00+00:00,2022-02-04T16:49:58.284222+00:00,2023-02-10T02:47:19.790578+00:00,1577872800.0,US-MIDA-PJM,365.62,301.16,367.42,,215.58,82481.0,,,989.0,6833.0,76637.0,eia.gov,53.74,6.21,53.99,6.06,32956.0,,,12283.0,3861.0,0.0,1136.0,31291.0,218.0,736.0,30690.2,0.0,0.1,11329.44,3556.56,0.0,1203.98,28974.73,200.16,681.82,0.0,0.0,,,-701.0,365.62,16.0,460.09,172.0,215.01,-151.0,365.62,-5981.0,365.62,140.0,208.2,661.0,211.37,4.15,0.13,,273.4,270.35,,,,84201.0,,,,,,,,,
2020-01-01T11:00:00+00:00,2022-02-04T16:55:11.373028+00:00,2023-02-10T02:47:49.308902+00:00,1577876400.0,US-MIDA-PJM,367.48,302.2,369.41,,213.11,83698.0,,,1050.0,7782.0,76966.0,eia.gov,54.36,6.18,54.62,5.99,32961.0,,,12272.0,3515.0,0.0,1502.0,32508.0,217.0,723.0,30369.18,0.0,0.11,11197.29,3203.72,0.0,1555.55,29780.22,197.09,662.85,0.0,0.0,,,-827.0,367.48,17.0,450.66,188.0,208.62,-139.0,367.48,-6816.0,367.48,167.0,218.89,678.0,206.97,4.05,0.23,,273.24,270.17,,,,87588.0,,,,,,,,,
2020-01-01T12:00:00+00:00,2022-02-04T16:49:58.778849+00:00,2023-02-10T02:48:49.520655+00:00,1577880000.0,US-MIDA-PJM,365.69,300.21,367.56,,220.19,84654.0,,,1087.0,7461.0,78280.0,eia.gov,54.39,6.61,54.64,6.42,32960.0,,,12094.0,3653.0,0.0,1782.0,33203.0,215.0,747.0,30530.89,0.0,0.12,11098.36,3345.74,0.35,1828.11,30590.97,196.3,689.15,0.0,0.0,,,-846.0,365.69,23.0,461.86,275.0,214.75,-156.0,365.69,-6459.0,365.69,215.0,231.69,574.0,208.81,3.92,0.39,0.0,273.07,270.04,0.08,,,89722.0,,,,,,,,,
2020-01-01T13:00:00+00:00,2022-02-04T16:49:58.778849+00:00,2023-02-10T02:39:04.634021+00:00,1577883600.0,US-MIDA-PJM,361.12,296.14,362.44,,223.15,85822.0,,,820.0,8028.0,78614.0,eia.gov,53.77,7.74,53.96,7.63,32968.0,,,11992.0,4369.0,368.0,1810.0,33347.0,214.0,754.0,30259.08,0.0,0.07,10930.02,3970.45,336.9,1775.47,30458.08,194.2,689.74,0.0,0.0,,,-760.0,361.12,18.0,431.11,309.0,225.58,-222.0,361.12,-7046.0,361.12,112.0,237.05,381.0,207.27,3.86,0.6,,273.06,270.0,,,,90020.0,,,,,,,,,
2020-01-01T14:00:00+00:00,2022-02-04T16:49:58.284222+00:00,2023-02-10T02:47:19.790578+00:00,1577887200.0,US-MIDA-PJM,354.15,290.23,356.02,,218.59,85835.0,,,1180.0,9190.0,77825.0,eia.gov,52.62,8.81,52.86,8.66,33026.0,,,11843.0,4751.0,835.0,1847.0,32582.0,213.0,738.0,30011.49,0.0,0.19,10640.0,4262.41,758.57,1838.53,29451.64,190.52,671.64,0.0,0.0,,,-676.0,354.15,18.0,397.45,370.0,210.44,-217.0,354.15,-8297.0,354.15,354.0,241.57,438.0,199.56,4.17,0.76,,273.9,270.16,,,,88874.0,,,,,,,,,
2020-01-01T15:00:00+00:00,2022-02-04T16:55:11.373028+00:00,2023-02-10T02:39:04.634021+00:00,1577890800.0,US-MIDA-PJM,358.93,294.1,360.86,,203.13,85828.0,,,1060.0,7980.0,78908.0,eia.gov,53.55,7.82,53.83,7.68,33039.0,,,11851.0,4444.0,911.0,1236.0,33401.0,211.0,735.0,30481.78,0.0,0.07,10816.09,4044.79,844.79,1281.86,30569.21,191.63,676.08,0.0,1.7,,,-674.0,358.93,15.0,366.96,365.0,204.58,-175.0,358.93,-7131.0,358.93,128.0,245.2,552.0,187.97,4.29,0.92,89.28,275.31,270.3,0.03,,,87540.0,,,,,,,,,
2020-01-01T16:00:00+00:00,2022-02-04T16:49:58.778849+00:00,2023-01-12T00:23:22.177313+00:00,1577894400.0,US-MIDA-PJM,355.79,291.11,357.55,,195.27,86081.0,,,946.0,6224.0,80803.0,eia.gov,53.28,8.21,53.56,8.09,33018.0,,,11567.0,4878.0,974.0,1108.0,33571.0,212.0,753.0,31121.48,0.0,0.0,10795.81,4535.06,924.35,1157.19,31353.08,196.85,705.66,0.0,13.52,,,-612.0,355.79,12.0,366.56,367.0,205.55,-190.0,355.79,-5417.0,355.79,-5.0,355.79,567.0,184.99,4.37,1.17,,276.44,270.53,,,,86430.0,,,,,,,,,
2020-01-01T17:00:00+00:00,2022-02-04T16:49:58.101622+00:00,2023-02-10T02:39:04.634021+00:00,1577898000.0,US-MIDA-PJM,348.1,284.98,350.44,,204.33,85578.0,,,1391.0,5361.0,81608.0,eia.gov,51.8,9.38,52.16,9.19,33079.0,,,11488.0,5788.0,984.0,1089.0,32173.0,211.0,766.0,31680.1,0.0,0.13,10851.68,5446.85,947.23,1227.0,30497.93,198.01,729.37,0.0,29.7,,,-363.0,348.1,11.0,366.82,384.0,205.8,-166.0,348.1,-4832.0,348.1,199.0,252.11,797.0,189.45,4.45,1.48,,277.4,270.76,,,,85236.0,,,,,,,,,
2020-01-01T18:00:00+00:00,2022-02-04T16:49:58.284222+00:00,2023-02-10T02:39:07.233507+00:00,1577901600.0,US-MIDA-PJM,342.41,280.27,344.78,,204.47,84562.0,,,1451.0,5805.0,80208.0,eia.gov,50.83,9.86,51.18,9.69,33087.0,,,11224.0,6132.0,924.0,1138.0,31053.0,213.0,791.0,31528.22,0.0,0.16,10535.69,5736.88,886.15,1253.31,29286.91,198.64,749.27,0.0,32.77,,,-345.0,342.41,9.0,338.78,384.0,194.98,-134.0,342.41,-5326.0,342.41,245.0,251.13,813.0,193.4,4.52,1.68,235.56,278.16,271.0,0.04,,,84559.0,,,,,,,,,
2020-01-01T19:00:00+00:00,2022-02-04T16:49:58.778849+00:00,2023-02-10T02:39:04.634021+00:00,1577905200.0,US-MIDA-PJM,341.82,279.85,344.12,,204.15,84437.0,,,1406.0,5598.0,80245.0,eia.gov,50.7,9.93,51.05,9.8,33062.0,,,11216.0,6281.0,866.0,1125.0,30889.0,210.0,788.0,31591.37,0.0,0.14,10555.02,5887.47,833.0,1209.19,29185.36,196.32,748.32,0.0,38.82,,,-228.0,341.82,12.0,341.99,458.0,194.26,-118.0,341.82,-5252.0,341.82,203.0,252.11,733.0,194.79,4.47,1.87,,278.66,271.2,,,,85193.0,,,,,,,,,
2020-01-01T20:00:00+00:00,2022-02-04T16:49:58.102721+00:00,2023-02-10T02:47:49.308902+00:00,1577908800.0,US-MIDA-PJM,343.49,281.26,345.54,,202.82,84308.0,,,1228.0,5672.0,79864.0,eia.gov,51.01,9.53,51.32,9.47,33060.0,,,11213.0,6229.0,573.0,1179.0,31060.0,209.0,785.0,31517.92,0.0,0.02,10542.32,5827.74,550.71,1210.94,29258.05,195.15,740.53,0.0,20.62,,,-301.0,343.49,15.0,338.22,409.0,193.07,-123.0,343.49,-5248.0,343.49,20.0,252.79,784.0,204.04,4.22,1.99,,278.83,271.42,,,,88743.0,,,,,,,,,
2020-01-01T21:00:00+00:00,2022-02-04T16:49:58.778849+00:00,2023-01-12T00:23:43.689021+00:00,1577912400.0,US-MIDA-PJM,344.39,281.49,346.25,,208.01,85980.0,,,1168.0,5996.0,81152.0,eia.gov,51.53,9.76,51.8,9.73,33076.0,,,11165.0,6357.0,128.0,1882.0,32377.0,207.0,788.0,31415.86,0.0,0.0,10468.85,5930.52,122.81,1868.88,30414.11,192.77,738.2,0.0,0.0,,,-238.0,344.39,19.0,346.35,369.0,195.63,-54.0,344.39,-5666.0,344.39,-38.0,344.39,780.0,210.49,3.32,2.12,307.97,278.64,271.85,0.0,,,95258.0,,,,,,,,,
2020-01-01T22:00:00+00:00,2022-02-04T16:55:11.373028+00:00,2023-02-10T02:39:04.634021+00:00,1577916000.0,US-MIDA-PJM,356.36,291.14,358.18,,218.89,93260.0,,,1235.0,6242.0,88253.0,eia.gov,53.64,10.69,53.91,10.63,33074.0,,,12344.0,6553.0,0.0,3361.0,36930.0,208.0,790.0,31473.96,0.0,0.06,11600.61,6131.71,0.43,3305.63,34802.05,194.27,744.3,0.0,0.0,,,-215.0,356.36,23.0,394.46,334.0,213.12,-27.0,356.36,-6000.0,356.36,79.0,258.19,799.0,212.36,2.54,2.11,,277.47,272.0,,,,96873.0,,,,,,,,,
2020-01-01T23:00:00+00:00,2022-02-04T16:49:58.102721+00:00,2023-02-10T02:48:49.520655+00:00,1577919600.0,US-MIDA-PJM,359.43,293.97,361.09,,240.32,95778.0,,,1334.0,6433.0,90679.0,eia.gov,53.93,11.39,54.19,11.28,33067.0,,,12940.0,6945.0,0.0,3863.0,37956.0,210.0,797.0,31448.22,0.0,0.11,12193.56,6494.98,0.32,3830.33,35764.33,196.09,751.05,0.0,0.0,,,-305.0,359.43,25.0,432.63,334.0,237.14,37.0,919.17,-6128.0,359.43,112.0,255.09,826.0,203.37,2.23,2.26,,276.56,271.82,,,,96662.0,,,,,,,,,
2020-01-02T00:00:00+00:00,2022-02-04T16:49:58.778849+00:00,2023-02-10T02:39:04.634021+00:00,1577923200.0,US-MIDA-PJM,362.59,296.68,364.25,,262.72,95765.0,,,1600.0,7027.0,90338.0,eia.gov,54.46,10.86,54.75,10.73,33061.0,,,13023.0,7138.0,0.0,3136.0,38412.0,206.0,789.0,31325.92,0.0,0.16,12248.56,6636.98,0.28,3173.95,36021.29,191.14,739.73,0.0,0.0,,,-367.0,362.59,22.0,439.82,373.0,250.58,82.0,915.95,-6660.0,362.59,177.0,249.36,946.0,209.27,2.2,2.42,167.34,276.33,271.85,0.01,,,96061.0,,,,,,,,,
2020-01-02T01:00:00+00:00,2022-02-04T16:49:58.102721+00:00,2023-02-10T02:39:04.634021+00:00,1577926800.0,US-MIDA-PJM,371.25,305.15,373.03,,273.98,96118.0,,,1763.0,7191.0,90690.0,eia.gov,55.13,10.29,55.44,10.16,33071.0,,,14049.0,7524.0,0.0,2238.0,38236.0,209.0,791.0,31357.79,0.0,0.12,13219.0,6987.58,0.01,2346.11,35845.36,193.65,740.38,0.0,0.0,,,-370.0,371.25,21.0,449.26,394.0,255.65,114.0,915.94,-6821.0,371.25,139.0,244.0,1095.0,214.19,2.22,2.63,,276.26,271.89,,,,93795.0,,,,,,,,,
2020-01-02T02:00:00+00:00,2022-02-04T16:49:58.102721+00:00,2023-01-12T00:23:16.918659+00:00,1577930400.0,US-MIDA-PJM,368.7,303.07,370.22,,281.74,94278.0,,,1654.0,6778.0,89154.0,eia.gov,54.73,10.02,55.01,9.91,33068.0,,,13676.0,7683.0,0.0,1662.0,37216.0,207.0,766.0,31424.99,0.0,0.0,12922.04,7155.5,0.0,1779.31,34962.09,192.39,717.68,0.0,0.0,,,-321.0,368.7,21.0,453.87,354.0,253.1,132.0,918.12,-6320.0,368.7,-137.0,368.7,1147.0,214.2,2.24,2.81,,276.2,271.9,,,,90176.0,,,,,,,,,
2020-01-02T03:00:00+00:00,2022-02-04T16:49:58.284222+00:00,2023-01-12T00:15:13.178380+00:00,1577934000.0,US-MIDA-PJM,361.4,297.1,363.47,,221.67,90677.0,,,1339.0,6291.0,85725.0,eia.gov,53.49,9.85,53.79,9.75,33062.0,,,13047.0,7696.0,0.0,1146.0,34738.0,209.0,779.0,31429.63,0.0,0.0,12249.07,7183.24,0.0,1258.12,32679.07,194.72,731.14,0.0,0.0,,,-193.0,361.4,22.0,451.16,378.0,243.88,-72.0,361.4,-5909.0,361.4,-117.0,361.4,939.0,207.36,2.06,3.15,0.0,276.5,272.06,0.0,,,86036.0,,,,,,,,,
2020-01-02T04:00:00+00:00,2022-02-04T16:49:58.284222+00:00,2023-01-12T00:23:16.918659+00:00,1577937600.0,US-MIDA-PJM,355.35,292.11,357.49,,225.71,87918.69,0.0,0.0,1448.0,5859.0,83507.69,"eia.gov,pjm.com",52.46,9.81,52.76,9.75,32954.69,,,12512.57,7659.03,0.0,914.69,32904.64,210.05,763.03,31508.63,0.0,0.0,11792.44,7174.53,0.0,1013.6,31103.56,196.29,718.64,0.0,0.0,0.0,,-185.0,355.35,19.0,417.15,373.0,243.07,-4.0,355.35,-5616.0,355.35,-54.0,355.35,1056.0,216.14,2.12,3.25,,276.49,272.04,,,,83206.0,,,,,,,,,
2020-01-02T05:00:00+00:00,2022-02-04T16:49:58.101622+00:00,2023-01-12T00:23:16.918659+00:00,1577941200.0,US-MIDA-PJM,362.99,298.5,365.06,,249.41,84201.43,0.0,0.0,1537.0,5872.0,79866.43,"eia.gov,pjm.com",53.71,6.76,54.01,6.7,33082.5,,,12154.16,5126.47,0.0,511.47,32322.67,214.13,790.02,31578.07,0.0,0.0,11455.04,4794.92,0.0,600.34,30497.15,199.48,741.44,0.0,0.0,0.0,,-82.0,363.01,15.0,431.92,407.0,225.55,47.0,911.98,-5696.0,363.01,-94.0,363.01,1068.0,226.78,2.11,3.35,,276.44,272.01,,,,80067.0,,,,,,,,,
2020-01-02T06:00:00+00:00,2022-02-04T16:49:58.284222+00:00,2023-01-12T00:15:13.178380+00:00,1577944800.0,US-MIDA-PJM,346.04,282.99,347.72,,244.58,85581.85,0.0,0.0,1422.0,6219.0,80784.85,"eia.gov,pjm.com",51.84,9.4,52.09,9.42,32935.82,,,11154.79,7243.29,0.0,822.76,32486.46,216.22,722.51,31307.41,0.0,0.0,10468.31,6742.8,0.0,854.16,30535.19,200.78,676.2,0.0,0.0,0.0,,-36.0,346.03,17.0,438.92,433.0,220.61,25.0,911.45,-6025.0,346.03,-158.0,346.03,947.0,234.45,2.12,3.36,0.0,276.42,272.01,0.0,,,79471.0,,,,,,,,,
2020-01-02T07:00:00+00:00,2022-02-04T16:49:58.284222+00:00,2023-01-12T00:23:43.689021+00:00,1577948400.0,US-MIDA-PJM,346.94,283.59,348.37,,269.39,86338.21,0.0,0.0,1592.0,6315.0,81615.21,"eia.gov,pjm.com",52.09,9.48,52.34,9.51,32936.17,,,11176.95,7435.99,0.0,778.23,33128.03,219.31,663.51,31359.23,0.0,0.0,10538.33,6920.97,0.0,818.89,31145.01,203.58,629.18,0.0,0.0,0.0,,47.0,255.36,18.0,440.01,450.0,221.72,87.0,914.28,-6080.0,346.94,-235.0,346.94,990.0,231.94,2.06,3.38,,276.38,272.03,,,,79891.0,,,,,,,,,
2020-01-02T08:00:00+00:00,2022-02-04T16:49:58.778849+00:00,2023-01-12T00:23:43.689021+00:00,1577952000.0,US-MIDA-PJM,345.94,283.01,347.5,,263.67,85405.25,0.0,0.0,1620.0,6571.0,80454.25,"eia.gov,pjm.com",51.74,9.34,51.99,9.38,32986.19,,,11192.35,7213.66,0.0,800.22,32341.96,224.17,646.71,31308.36,0.0,0.0,10497.03,6687.41,0.0,829.34,30296.61,207.26,628.23,0.0,0.0,0.0,,159.0,257.7,19.0,440.32,479.0,222.06,72.0,910.02,-6375.0,345.93,-196.0,345.93,891.0,231.11,1.92,3.42,,276.34,272.06,,,,81926.0,,,,,,,,,
2020-01-02T09:00:00+00:00,2022-02-04T16:49:58.778849+00:00,2023-01-12T00:23:20.739679+00:00,1577955600.0,US-MIDA-PJM,347.66,284.49,349.04,,276.66,86382.12,0.0,0.0,1682.0,7061.0,81003.12,"eia.gov,pjm.com",51.99,9.48,52.24,9.49,33060.7,,,11364.35,7299.85,0.0,895.57,32875.26,225.95,660.45,31209.43,0.0,0.0,10644.46,6738.4,0.0,944.62,30644.83,207.87,613.52,0.0,0.0,0.0,,-15.0,347.61,16.0,437.2,334.0,228.45,110.0,911.13,-6996.0,347.61,-50.0,347.61,1222.0,230.62,1.87,3.44,0.0,276.5,272.01,0.0,,,86363.0,,,,,,,,,
2020-01-02T10:00:00+00:00,2022-02-04T16:49:58.102721+00:00,2023-01-12T00:23:43.689021+00:00,1577959200.0,US-MIDA-PJM,363.82,298.8,365.32,,283.73,91387.71,0.0,0.0,1704.0,8641.0,84450.71,"eia.gov,pjm.com",54.06,9.49,54.33,9.47,33082.08,,,12996.98,7231.29,0.0,1424.79,35703.01,225.09,724.47,30781.23,0.0,0.0,11989.94,6581.64,0.0,1429.97,32799.73,204.22,663.97,0.0,0.0,0.0,,-21.0,363.81,25.0,420.92,336.0,246.28,114.0,914.41,-8596.0,363.81,-24.0,363.81,1229.0,232.68,1.76,3.5,,276.51,272.1,,,,92974.0,,,,,,,,,
2020-01-02T11:00:00+00:00,2022-02-04T16:49:58.102721+00:00,2023-01-12T00:15:13.178380+00:00,1577962800.0,US-MIDA-PJM,368.54,302.75,369.89,,287.0,98752.59,0.0,0.0,1639.0,8764.0,91627.59,"eia.gov,pjm.com",54.57,11.75,54.8,11.72,33056.3,,,14355.47,7106.78,0.0,4469.47,38639.89,225.97,898.71,30860.5,0.0,0.0,13296.37,6503.06,0.0,4264.39,35669.94,206.26,827.06,0.0,0.0,0.0,,-113.0,368.5,29.0,421.63,267.0,233.29,125.0,914.18,-8572.0,368.5,-79.0,368.5,1218.0,231.2,1.71,3.59,,276.58,272.27,,,,96852.0,,,,,,,,,
2020-01-02T12:00:00+00:00,2022-02-04T16:49:58.778849+00:00,2023-01-12T00:15:13.178380+00:00,1577966400.0,US-MIDA-PJM,380.18,313.33,381.8,,283.46,104391.23,0.0,0.0,1751.0,8874.0,97268.23,"eia.gov,pjm.com",55.87,12.26,56.14,12.17,33074.11,,,16202.9,7453.45,18.18,5236.99,41287.37,225.91,892.33,31000.54,0.0,0.0,15054.99,6843.0,16.96,5064.66,38256.73,207.04,824.31,0.0,0.0,0.0,,-162.0,380.19,29.0,403.7,250.0,225.49,136.0,919.04,-8534.0,380.19,-178.0,380.19,1336.0,227.0,1.69,3.63,0.0,276.64,272.48,0.08,,,96752.0,,,,,,,,,
2020-01-02T13:00:00+00:00,2022-02-04T16:49:58.778849+00:00,2023-01-12T00:23:16.918659+00:00,1577970000.0,US-MIDA-PJM,393.97,326.06,395.97,,281.91,103508.77,0.0,0.0,1851.0,7080.0,98279.77,"eia.gov,pjm.com",57.46,10.4,57.78,10.27,33074.51,,,17251.85,7224.52,306.43,3095.76,41450.73,224.96,880.02,31592.11,0.0,0.0,16313.68,6750.69,286.74,3183.1,39116.46,209.86,827.14,0.0,0.0,0.0,,-97.0,393.96,27.0,403.62,307.0,227.29,133.0,925.65,-6939.0,393.96,-44.0,393.96,1384.0,229.79,1.66,3.76,,276.81,272.76,,,,95282.0,,,,,,,,,
2020-01-02T14:00:00+00:00,2022-02-04T16:49:58.778849+00:00,2023-02-10T02:39:07.233507+00:00,1577973600.0,US-MIDA-PJM,392.61,324.87,394.66,,288.54,101253.99,0.0,0.0,1997.0,6751.0,96499.99,"eia.gov,pjm.com",57.26,9.92,57.6,9.76,33055.29,,,16792.17,6831.67,790.21,2256.48,40414.92,224.0,889.25,31670.31,0.0,0.18,15938.21,6400.66,741.76,2427.88,38270.62,209.37,841.01,0.0,0.0,0.0,,-278.0,392.6,24.0,408.14,355.0,240.31,166.0,923.82,-6473.0,392.6,146.0,230.48,1306.0,225.2,1.78,4.08,,277.74,273.32,,,,93725.0,,,,,,,,,
2020-01-02T15:00:00+00:00,2022-02-04T16:55:11.373028+00:00,2023-01-12T00:15:13.178380+00:00,1577977200.0,US-MIDA-PJM,390.78,322.69,392.52,,312.17,98812.6,0.0,0.0,2191.0,6578.0,94425.6,"eia.gov,pjm.com",57.43,8.93,57.78,8.75,33071.27,,,15822.28,6300.73,1013.99,1336.06,40158.36,223.95,885.96,31760.29,0.0,0.0,15121.27,5900.9,952.76,1580.36,38063.92,209.38,836.7,0.0,0.0,0.0,,-427.0,390.76,21.0,406.55,341.0,235.37,266.0,915.08,-6041.0,390.76,-110.0,390.76,1563.0,225.05,1.96,4.41,74.44,279.14,273.69,0.32,,,92041.0,,,,,,,,,
2020-01-02T16:00:00+00:00,2022-02-04T16:55:11.373028+00:00,2023-01-12T00:23:20.739679+00:00,1577980800.0,US-MIDA-PJM,386.01,318.45,387.57,,316.25,96333.73,0.0,0.0,2157.0,6241.0,92249.73,"eia.gov,pjm.com",56.82,8.72,57.14,8.56,33047.33,,,15103.91,5988.67,962.14,1294.63,38823.83,222.83,890.39,31788.37,0.0,0.0,14474.59,5616.55,906.99,1525.22,36886.95,208.72,842.34,0.0,0.0,0.0,,-578.0,386.0,21.0,402.29,340.0,237.34,262.0,903.79,-5428.0,386.0,-235.0,386.0,1534.0,232.21,2.47,4.48,,280.23,274.76,,,,90538.0,,,,,,,,,
2020-01-02T17:00:00+00:00,2022-02-04T16:49:58.102721+00:00,2023-01-12T00:23:20.739679+00:00,1577984400.0,US-MIDA-PJM,380.88,313.89,382.95,,285.45,94654.18,0.0,0.0,2057.0,6337.0,90374.18,"eia.gov,pjm.com",56.2,8.68,56.56,8.52,33051.29,,,14588.69,5960.03,814.77,1292.58,37996.47,219.93,730.43,31733.4,0.0,0.0,13878.86,5576.96,767.46,1501.88,36019.05,205.53,691.06,0.0,0.0,0.0,,-651.0,380.88,20.0,384.93,415.0,242.38,132.0,898.42,-5574.0,380.88,-112.0,380.88,1490.0,241.81,2.54,4.64,,281.23,275.32,,,,89505.0,,,,,,,,,
2020-01-02T18:00:00+00:00,2022-02-04T16:49:58.101622+00:00,2023-01-12T00:15:13.178380+00:00,1577988000.0,US-MIDA-PJM,381.71,314.32,384.3,,243.04,94301.85,0.0,0.0,1759.0,5884.0,90176.85,"eia.gov,pjm.com",56.55,8.19,56.93,8.04,33041.93,,,14445.47,5578.27,668.25,1331.42,38284.97,218.7,732.85,31795.81,0.0,0.0,13694.69,5242.97,632.35,1512.29,36397.06,205.32,696.36,0.0,0.0,0.0,,-690.0,381.72,21.0,381.26,412.0,238.44,-131.0,381.72,-4782.0,381.72,-281.0,381.72,1326.0,242.27,2.67,4.55,175.82,281.8,275.99,0.87,,,88899.0,,,,,,,,,
2020-01-02T19:00:00+00:00,2022-02-04T16:49:58.778849+00:00,2023-01-12T00:15:13.178380+00:00,1577991600.0,US-MIDA-PJM,386.0,317.96,388.47,,243.7,93702.13,0.0,0.0,1624.0,5905.0,89421.13,"eia.gov,pjm.com",57.24,7.28,57.6,7.12,33053.62,,,14502.21,4884.82,416.41,1374.23,38551.85,213.83,705.15,31724.08,0.0,0.0,13726.07,4587.28,393.88,1527.85,36592.04,200.6,669.33,0.0,0.0,0.0,,-796.0,386.01,19.0,385.54,389.0,244.71,-119.0,386.01,-4629.0,386.01,-361.0,386.01,1216.0,241.16,2.53,4.32,,282.04,276.63,,,,89238.0,,,,,,,,,
2020-01-02T20:00:00+00:00,2022-02-04T16:49:58.284222+00:00,2023-01-12T00:23:20.739679+00:00,1577995200.0,US-MIDA-PJM,393.93,324.91,396.13,,250.76,94319.17,0.0,0.0,1452.0,5927.0,89844.17,"eia.gov,pjm.com",58.32,6.45,58.64,6.34,33033.01,,,15022.49,4100.39,343.83,1531.44,39367.35,212.04,708.62,31646.61,0.0,0.0,14211.42,3851.32,325.15,1620.74,37318.73,198.93,671.26,0.0,0.0,0.0,,-926.0,393.93,18.0,391.93,410.0,258.83,-91.0,393.93,-4714.0,393.93,-196.0,393.93,1024.0,245.04,2.31,3.99,,281.94,277.21,,,,92034.0,,,,,,,,,
2020-01-02T21:00:00+00:00,2022-02-04T16:49:58.101622+00:00,2023-02-10T02:39:04.634021+00:00,1577998800.0,US-MIDA-PJM,399.18,329.32,401.34,,259.2,95186.29,0.0,0.0,1472.0,5609.0,91049.29,"eia.gov,pjm.com",59.13,6.0,59.45,5.86,33020.15,,,15303.77,3515.88,30.8,2029.47,40203.62,213.07,869.53,31748.52,0.0,0.08,14544.31,3318.01,29.94,2111.2,38271.87,200.72,824.64,0.0,0.0,0.0,,-720.0,399.15,18.0,395.02,388.0,263.36,-68.0,399.15,-4821.0,399.15,57.0,256.39,1009.0,255.33,1.82,3.72,168.43,281.51,277.55,1.0,,,97415.0,,,,,,,,,
2020-01-02T22:00:00+00:00,2022-02-04T16:49:58.778849+00:00,2023-02-10T02:39:07.233507+00:00,1578002400.0,US-MIDA-PJM,407.66,336.52,409.36,,284.35,100961.39,0.0,0.0,1390.0,5777.0,96574.39,"eia.gov,pjm.com",60.34,6.8,60.61,6.67,33035.12,,,16637.72,3079.42,0.0,3650.49,43489.93,213.93,854.77,31735.69,0.0,0.06,15864.0,2910.68,0.25,3658.39,41392.71,201.86,810.73,0.0,0.0,0.0,,-704.0,407.66,20.0,387.78,371.0,253.4,62.0,904.72,-5073.0,407.66,43.0,257.6,894.0,253.15,1.52,3.39,,281.01,277.71,,,,97502.0,,,,,,,,,
2020-01-02T23:00:00+00:00,2022-02-04T16:49:58.102721+00:00,2023-01-12T00:23:43.689021+00:00,1578006000.0,US-MIDA-PJM,409.68,338.75,411.52,,274.3,101281.83,0.0,0.0,1370.0,5360.0,97291.83,"eia.gov,pjm.com",60.27,6.98,60.56,6.83,33022.47,,,17145.83,2867.51,0.0,4052.66,43128.61,212.71,852.05,31860.41,0.0,0.0,16411.45,2720.59,0.3,4071.82,41214.04,201.61,811.62,0.0,0.0,0.0,,-709.0,409.69,25.0,420.37,441.0,251.8,53.0,904.69,-4585.0,409.69,-66.0,409.69,851.0,242.41,1.48,3.28,,280.75,277.87,,,,96321.0,,,,,,,,,
2020-01-03T00:00:00+00:00,2022-02-04T16:49:58.778849+00:00,2023-01-12T00:23:22.177313+00:00,1578009600.0,US-MIDA-PJM,413.43,342.25,414.66,,252.96,99926.57,0.0,0.0,769.0,5570.0,95125.57,"eia.gov,pjm.com",60.71,6.14,60.89,6.07,33015.7,,,17211.2,2784.25,0.0,3279.54,42584.24,209.07,842.58,31535.36,0.0,0.0,16339.26,2631.02,0.25,3209.12,40413.45,197.5,799.6,0.0,0.0,0.0,,-700.0,413.41,23.0,434.24,464.0,257.42,-38.0,413.41,-4768.0,413.41,-64.0,413.41,282.0,230.83,1.59,3.12,88.95,280.71,278.11,2.02,,,94662.0,,,,,,,,,
2020-01-03T01:00:00+00:00,2022-02-04T16:49:58.778849+00:00,2023-01-12T00:23:20.739679+00:00,1578013200.0,US-MIDA-PJM,408.52,337.92,410.11,,254.92,97739.37,0.0,0.0,1007.0,6107.0,92639.37,"eia.gov,pjm.com",60.11,5.96,60.34,5.87,33025.59,,,16512.34,3086.56,0.0,2652.59,41406.59,210.0,845.71,31439.05,0.0,0.0,15588.68,2897.07,0.01,2619.84,39099.43,197.01,798.27,0.0,0.0,0.0,,-725.0,408.5,23.0,450.46,487.0,265.8,-32.0,408.5,-5160.0,408.5,-190.0,408.5,497.0,235.21,1.54,3.02,,280.74,278.32,,,,91569.0,,,,,,,,,
2020-01-03T02:00:00+00:00,2022-02-04T16:49:58.284222+00:00,2023-02-10T02:39:07.233507+00:00,1578016800.0,US-MIDA-PJM,403.69,333.58,404.76,,319.17,94209.06,0.0,0.0,1200.0,5185.0,90224.06,"eia.gov,pjm.com",59.56,5.28,59.75,5.19,33020.65,,,15488.45,3127.35,0.0,1766.75,39734.83,210.15,860.88,31721.48,0.0,0.18,14827.71,2963.34,0.0,1801.05,37889.76,198.74,821.8,0.0,0.0,0.0,,-684.0,403.68,22.0,461.82,489.0,268.18,115.0,886.03,-4501.0,403.68,117.0,241.3,457.0,244.16,1.64,2.91,,280.81,278.51,,,,86584.0,,,,,,,,,
2020-01-03T03:00:00+00:00,2022-02-04T16:49:58.778849+00:00,2023-02-10T02:48:49.520655+00:00,1578020400.0,US-MIDA-PJM,400.2,331.04,402.41,,261.45,90476.26,0.0,0.0,1443.0,5277.0,86642.26,"eia.gov,pjm.com",58.8,4.56,59.1,4.4,33029.23,,,15091.35,2787.47,0.0,1192.07,37476.15,212.16,687.84,31751.94,0.0,0.49,14342.24,2643.94,0.0,1304.51,35739.06,199.98,660.09,0.0,0.0,0.0,,-613.0,400.16,22.0,469.71,491.0,255.79,28.0,895.08,-4664.0,400.16,366.0,232.37,536.0,244.83,1.52,2.75,0.0,280.82,278.67,1.53,,,81527.0,,,,,,,,,
2020-01-03T04:00:00+00:00,2022-02-04T16:49:58.284222+00:00,2023-02-10T02:48:49.520655+00:00,1578024000.0,US-MIDA-PJM,388.33,320.11,390.5,,238.66,86523.87,0.0,0.0,1255.0,5470.0,82308.87,"eia.gov,pjm.com",57.53,4.13,57.82,4.02,33019.03,,,13524.52,2445.17,0.0,1031.62,35599.32,214.29,689.91,31561.61,0.0,0.36,12763.38,2307.03,0.0,1091.15,33725.18,200.95,659.22,0.0,0.0,0.0,,-536.0,388.31,24.0,451.84,560.0,229.25,-93.0,388.31,-4841.0,388.31,282.0,220.04,389.0,252.56,1.65,2.56,,280.83,278.83,,,,77645.0,,,,,,,,,
2020-01-03T05:00:00+00:00,2022-02-04T16:49:58.284222+00:00,2023-01-12T00:23:22.177313+00:00,1578027600.0,US-MIDA-PJM,348.67,285.17,350.4,,239.41,85788.95,0.0,0.0,1356.0,5966.0,81178.95,"eia.gov,pjm.com",52.29,9.01,52.55,9.05,32941.57,,,11243.92,6921.0,0.0,845.21,32904.05,211.48,721.72,31417.8,0.0,0.0,10578.51,6452.67,0.0,859.5,30991.76,197.01,681.71,0.0,0.0,0.0,,-323.0,348.77,28.0,413.99,627.0,213.11,-154.0,348.77,-5375.0,348.77,-114.0,348.77,701.0,255.97,1.73,2.47,,280.84,279.02,,,,74947.0,,,,,,,,,
2020-01-03T06:00:00+00:00,2022-02-04T16:55:11.373028+00:00,2023-01-12T00:23:22.177313+00:00,1578031200.0,US-MIDA-PJM,371.99,305.9,374.62,,242.5,80219.45,0.0,0.0,1632.0,5748.0,76103.45,"eia.gov,pjm.com",55.2,3.28,55.57,3.26,33021.15,,,11826.46,1702.33,0.0,915.45,31851.6,218.01,684.45,31599.85,0.0,0.0,11118.12,1587.38,0.0,907.81,30041.06,202.71,646.52,0.0,0.0,0.0,,-281.0,371.99,32.0,415.29,711.0,208.74,-19.0,371.99,-5432.0,371.99,-16.0,371.99,889.0,263.27,1.83,2.25,0.0,280.9,279.26,3.19,,,73820.0,,,,,,,,,
2020-01-03T07:00:00+00:00,2022-02-04T16:55:11.373028+00:00,2023-02-10T02:39:07.233507+00:00,1578034800.0,US-MIDA-PJM,373.78,307.65,376.82,,242.89,79687.62,0.0,0.0,1853.0,5709.0,75831.62,"eia.gov,pjm.com",55.31,2.86,55.75,2.79,33036.47,,,11941.07,1349.22,0.0,878.01,31574.49,218.01,690.35,31720.49,0.0,0.08,11239.18,1263.42,0.0,886.14,29845.54,202.77,653.78,0.0,20.23,0.0,,-164.0,373.78,32.0,420.09,775.0,215.54,-126.0,373.78,-5419.0,373.78,81.0,206.25,965.0,262.06,1.85,2.07,,280.89,279.45,,,,73636.0,,,,,,,,,
2020-01-03T08:00:00+00:00,2022-02-04T16:49:58.284222+00:00,2023-02-10T02:39:04.634021+00:00,1578038400.0,US-MIDA-PJM,371.7,305.64,374.79,,244.96,79137.92,0.0,0.0,1934.0,7376.0,73695.92,"eia.gov,pjm.com",55.14,2.71,55.61,2.66,33029.93,,,11658.81,1247.98,0.0,854.67,31435.01,218.4,693.13,31060.98,0.0,0.01,10745.44,1140.33,0.0,836.83,29053.03,198.56,640.64,0.0,20.11,0.0,,-124.0,371.7,31.0,425.12,760.0,215.29,-122.0,371.7,-7130.0,371.7,6.0,204.78,1137.0,260.09,1.88,1.85,,280.89,279.63,,,,75087.0,,,,,,,,,
2020-01-03T09:00:00+00:00,2022-02-04T16:55:11.373028+00:00,2023-01-12T00:23:43.689021+00:00,1578042000.0,US-MIDA-PJM,365.95,300.61,368.94,,248.48,78095.75,0.0,0.0,1989.0,7644.0,72440.75,"eia.gov,pjm.com",54.32,2.96,54.78,2.91,33042.81,,,11227.01,1348.61,0.0,925.89,30570.05,223.94,757.43,30944.61,0.0,0.0,10315.82,1225.92,0.0,901.95,28136.02,202.6,696.52,0.0,17.31,0.0,,-54.0,365.93,32.0,422.9,775.0,222.46,-95.0,365.93,-7457.0,365.93,-38.0,365.93,1182.0,260.83,1.74,1.71,0.0,280.78,279.51,1.85,,,79303.0,,,,,,,,,
2020-01-03T10:00:00+00:00,2022-02-04T16:55:11.373028+00:00,2023-01-12T00:15:13.178380+00:00,1578045600.0,US-MIDA-PJM,373.08,305.7,376.09,,254.47,81350.98,0.0,0.0,2069.0,5678.0,77741.98,"eia.gov,pjm.com",56.07,2.89,56.54,2.85,33039.52,,,11384.62,1201.61,0.0,1116.08,33460.41,222.9,925.85,31909.09,0.0,0.0,10794.38,1126.16,0.0,1119.43,31710.67,207.75,874.51,0.0,0.0,0.0,,-229.0,373.06,32.0,415.41,756.0,232.25,-74.0,373.06,-5175.0,373.06,-200.0,373.06,1281.0,263.56,1.69,1.52,,280.81,279.67,,,,86145.0,,,,,,,,,
2020-01-03T11:00:00+00:00,2022-02-04T16:55:11.373028+00:00,2023-01-12T00:23:22.177313+00:00,1578049200.0,US-MIDA-PJM,380.27,312.26,383.06,,266.38,86653.23,0.0,0.0,2126.0,6182.0,82597.23,"eia.gov,pjm.com",56.71,4.77,57.14,4.74,33031.91,,,12686.27,1391.05,0.0,2718.8,35438.67,221.86,1164.67,31814.11,0.0,0.0,11999.89,1300.27,0.0,2639.32,33542.9,206.43,1094.31,0.0,0.0,0.0,,-356.0,380.26,30.0,407.16,748.0,239.22,-115.0,380.26,-5393.0,380.26,-318.0,380.26,1348.0,278.32,1.69,1.39,,280.84,279.81,,,,91191.0,,,,,,,,,
2020-01-03T12:00:00+00:00,2022-02-04T16:49:58.284222+00:00,2023-01-12T00:23:16.918659+00:00,1578052800.0,US-MIDA-PJM,385.68,317.12,388.62,,255.47,91222.01,0.0,0.0,2058.0,6709.0,86571.01,"eia.gov,pjm.com",57.28,6.18,57.72,6.09,33017.53,,,13791.52,1565.15,2.03,3984.15,37417.43,219.79,1224.41,31633.04,0.0,0.0,12980.98,1457.19,2.41,3894.76,35252.28,203.99,1146.35,0.0,0.0,0.0,,-505.0,385.68,32.0,386.43,688.0,228.67,-138.0,385.68,-5604.0,385.68,-462.0,385.68,1338.0,266.12,1.6,1.34,0.0,280.86,279.9,3.25,,,92544.0,,,,,,,,,
2020-01-03T13:00:00+00:00,2022-02-04T16:55:11.373028+00:00,2023-01-12T00:23:16.918659+00:00,1578056400.0,US-MIDA-PJM,391.55,322.62,394.99,,241.46,92503.85,0.0,0.0,2118.0,6457.0,88164.85,"eia.gov,pjm.com",57.84,6.13,58.34,5.96,33023.88,,,14561.66,1427.74,36.03,4046.59,37986.43,216.95,1204.57,31767.92,0.0,0.0,13736.36,1334.48,35.15,4037.02,35918.59,202.16,1133.17,0.0,0.0,0.0,,-579.0,391.55,30.0,381.08,663.0,216.24,-95.0,391.55,-5304.0,391.55,-479.0,391.55,1425.0,250.26,1.58,1.31,,280.9,279.99,,,,92632.0,,,,,,,,,
2020-01-03T14:00:00+00:00,2022-02-04T16:49:58.778849+00:00,2023-01-12T00:23:20.739679+00:00,1578060000.0,US-MIDA-PJM,400.74,330.93,404.24,,241.43,93075.23,0.0,0.0,2044.0,5745.0,89374.23,"eia.gov,pjm.com",58.97,5.25,59.48,5.06,33009.35,,,15282.41,1217.25,122.5,3366.42,38656.05,216.11,1205.13,31979.68,0.0,0.0,14521.73,1147.22,119.61,3426.25,36831.96,203.07,1144.7,0.0,0.0,0.0,,-570.0,400.74,31.0,378.72,676.0,213.62,-108.0,400.74,-4649.0,400.74,-418.0,400.74,1337.0,252.31,1.71,1.35,,281.34,280.34,,,,92329.0,,,,,,,,,
2020-01-03T15:00:00+00:00,2022-02-04T16:49:58.284222+00:00,2023-01-12T00:23:16.918659+00:00,1578063600.0,US-MIDA-PJM,404.46,334.27,408.07,,232.56,94570.45,0.0,0.0,1985.0,5993.0,90562.45,"eia.gov,pjm.com",59.38,5.39,59.9,5.18,33027.25,,,15827.05,883.12,161.39,3853.75,39387.24,218.11,1212.54,31907.27,0.0,0.0,14985.3,830.9,157.54,3889.96,37437.17,204.59,1149.73,0.0,0.0,0.0,,-756.0,404.46,28.0,374.25,570.0,208.75,-132.0,404.46,-4627.0,404.46,-478.0,404.46,1387.0,239.49,1.71,1.19,29.54,281.63,280.36,0.98,,,91491.0,,,,,,,,,
2020-01-03T16:00:00+00:00,2022-02-04T16:49:58.778849+00:00,2023-01-12T00:15:13.178380+00:00,1578067200.0,US-MIDA-PJM,408.4,337.34,411.77,,239.93,94557.87,0.0,0.0,1892.0,4886.0,91563.87,"eia.gov,pjm.com",60.26,4.53,60.76,4.33,33017.78,,,15731.39,1039.61,207.03,2844.79,40289.31,219.63,1208.32,32242.24,0.0,0.0,15083.07,990.44,204.15,2951.34,38723.76,208.51,1160.34,0.0,0.0,0.0,,-536.0,408.4,29.0,374.42,627.0,212.97,-83.0,408.4,-3915.0,408.4,-352.0,408.4,1236.0,250.46,1.8,1.12,,282.1,280.63,,,,90349.0,,,,,,,,,
2020-01-03T17:00:00+00:00,2022-02-04T16:49:58.778849+00:00,2023-01-12T00:23:43.689021+00:00,1578070800.0,US-MIDA-PJM,416.81,344.26,420.41,,241.74,94054.64,0.0,0.0,1934.0,4701.0,91287.64,"eia.gov,pjm.com",61.86,2.72,62.4,2.48,33027.79,,,15738.11,841.22,177.89,1317.21,41527.15,213.9,1211.37,32332.7,0.0,0.0,15122.18,805.28,177.54,1500.74,39980.71,203.44,1165.05,0.0,0.0,0.0,,-321.0,416.81,28.0,379.77,608.0,214.03,-91.0,416.81,-3868.0,416.81,-421.0,416.81,1298.0,251.74,1.77,1.02,,282.56,280.88,,,,89601.0,,,,,,,,,
2020-01-03T18:00:00+00:00,2022-02-04T16:49:58.778849+00:00,2023-01-12T00:23:22.177313+00:00,1578074400.0,US-MIDA-PJM,416.62,343.78,420.4,,242.94,94070.29,0.0,0.0,2048.0,4431.0,91687.29,"eia.gov,pjm.com",62.05,2.53,62.62,2.28,33011.52,,,15543.49,663.84,146.95,1336.87,41954.21,212.05,1201.36,32473.94,0.0,0.0,14992.11,640.28,149.69,1527.57,40541.86,202.29,1159.56,0.0,0.0,0.0,,-267.0,416.62,27.0,387.11,601.0,219.03,-76.0,416.62,-3748.0,416.62,-340.0,416.62,1420.0,250.32,1.97,0.93,83.4,282.87,281.05,1.74,,,88850.0,,,,,,,,,
2020-01-03T19:00:00+00:00,2022-02-04T16:49:58.284222+00:00,2023-01-12T00:23:43.689021+00:00,1578078000.0,US-MIDA-PJM,417.28,344.05,420.56,,243.27,93747.83,0.0,0.0,1771.0,5123.0,90395.83,"eia.gov,pjm.com",62.35,2.13,62.84,1.93,33019.63,,,15318.09,297.04,131.69,1384.16,42182.79,212.87,1201.55,32107.46,0.0,0.0,14637.65,286.5,132.58,1506.79,40373.41,201.47,1149.97,0.0,0.0,0.0,,-345.0,417.27,27.0,393.06,612.0,227.78,-131.0,417.27,-4151.0,417.27,-496.0,417.27,1132.0,248.07,1.94,0.82,,282.95,281.12,,,,88801.0,,,,,,,,,
2020-01-03T20:00:00+00:00,2022-02-04T16:55:11.373028+00:00,2023-01-12T00:15:13.178380+00:00,1578081600.0,US-MIDA-PJM,414.22,341.34,417.56,,243.42,93060.99,0.0,0.0,1821.0,6251.0,88630.99,"eia.gov,pjm.com",61.94,2.27,62.44,2.07,33027.88,,,15031.97,284.95,119.79,1520.56,41662.45,210.91,1202.48,31725.24,0.0,0.0,14187.36,271.81,116.08,1623.35,39375.79,197.02,1134.35,0.0,0.0,0.0,,-438.0,414.22,25.0,398.86,585.0,236.54,-115.0,414.22,-5217.0,414.22,-481.0,414.22,1211.0,243.54,1.87,0.71,,282.96,281.14,,,,90715.0,,,,,,,,,
2020-01-03T21:00:00+00:00,2022-02-04T16:49:58.102721+00:00,2023-01-12T00:15:13.178380+00:00,1578085200.0,US-MIDA-PJM,414.91,341.96,418.2,,244.12,94583.23,0.0,0.0,1824.0,6072.0,90335.23,"eia.gov,pjm.com",61.98,2.8,62.49,2.6,33024.24,,,15349.69,299.87,17.73,2140.31,42334.13,210.26,1206.99,31812.88,0.0,0.0,14537.31,286.46,18.5,2224.54,40118.37,197.03,1140.14,0.0,0.0,0.0,,-418.0,414.92,28.0,400.75,624.0,240.86,-141.0,414.92,-4962.0,414.92,-551.0,414.92,1172.0,242.11,1.59,0.42,92.55,282.54,280.92,0.88,,,94316.0,,,,,,,,,
2020-01-03T22:00:00+00:00,2022-02-04T16:49:58.778849+00:00,2023-01-12T00:23:16.918659+00:00,1578088800.0,US-MIDA-PJM,412.23,339.52,415.49,,239.87,97472.8,0.0,0.0,1843.0,5915.0,93400.8,"eia.gov,pjm.com",61.56,4.3,62.06,4.08,33000.22,,,15700.09,330.9,0.0,3650.31,43371.47,213.73,1206.09,31888.0,0.0,0.0,14925.52,315.94,0.51,3701.66,41226.82,201.0,1141.34,0.0,0.0,0.0,,-417.0,412.23,29.0,396.56,643.0,243.15,-112.0,412.23,-5033.0,412.23,-353.0,412.23,1171.0,234.18,1.45,0.53,,282.38,280.97,,,,93815.0,,,,,,,,,
2020-01-03T23:00:00+00:00,2022-02-04T16:49:58.284222+00:00,2023-01-12T00:23:43.689021+00:00,1578092400.0,US-MIDA-PJM,413.3,340.89,416.74,,233.9,97003.13,0.0,0.0,1859.0,6075.0,92787.13,"eia.gov,pjm.com",61.43,4.28,61.95,4.03,33003.51,,,15957.62,411.95,0.0,3495.55,42713.94,209.99,1210.58,31822.98,0.0,0.0,15132.55,389.43,0.42,3578.45,40522.73,197.09,1143.47,0.0,0.0,0.0,,-477.0,413.3,29.0,391.35,657.0,242.77,-85.0,413.3,-5209.0,413.3,-304.0,413.3,1173.0,225.05,1.26,0.32,,281.85,280.62,,,,91574.0,,,,,,,,,
2020-01-04T00:00:00+00:00,2022-02-04T16:49:58.778849+00:00,2023-01-12T00:23:16.918659+00:00,1578096000.0,US-MIDA-PJM,414.42,342.13,418.02,,231.14,95239.92,0.0,0.0,1868.0,6041.0,91066.92,"eia.gov,pjm.com",61.47,3.57,62.01,3.33,33011.45,,,15843.11,577.77,0.0,2589.91,41784.67,209.85,1223.17,31833.83,0.0,0.0,15009.45,544.87,0.49,2706.41,39618.88,196.8,1156.2,0.0,0.0,0.0,,-471.0,414.43,31.0,393.56,721.0,244.95,-103.0,414.43,-5318.0,414.43,-149.0,414.43,1116.0,217.71,1.15,0.26,50.99,281.72,280.52,1.85,,,89553.0,,,,,,,,,
2020-01-04T01:00:00+00:00,2022-02-04T16:49:58.101622+00:00,2023-01-12T00:23:16.918659+00:00,1578099600.0,US-MIDA-PJM,417.39,345.26,421.28,,226.94,93784.56,0.0,0.0,1916.0,6278.0,89422.56,"eia.gov,pjm.com",61.58,2.89,62.15,2.64,33017.39,,,16068.48,557.99,0.0,1920.34,40814.6,208.16,1197.61,31771.53,0.0,0.0,15158.77,525.98,0.0,2062.78,38579.52,194.51,1129.48,0.0,0.0,0.0,,-610.0,417.39,27.0,400.37,592.0,228.92,-192.0,417.39,-5335.0,417.39,-141.0,417.39,1297.0,222.43,1.21,0.34,,281.6,280.42,,,,87145.0,,,,,,,,,
2020-01-04T02:00:00+00:00,2022-02-04T16:49:58.284222+00:00,2023-01-12T00:23:43.689021+00:00,1578103200.0,US-MIDA-PJM,416.68,345.15,420.29,,234.73,91030.75,0.0,0.0,1807.0,6112.0,86725.75,"eia.gov,pjm.com",61.17,2.26,61.69,2.06,33000.55,,,15813.67,518.76,0.0,1358.07,38906.49,210.2,1223.01,31719.66,0.0,0.0,14908.02,487.9,0.07,1472.18,36788.75,196.37,1152.82,0.0,0.0,0.0,,-689.0,416.66,24.0,404.07,543.0,218.59,-62.0,416.66,-5123.0,416.66,-238.0,416.66,1240.0,238.52,1.28,0.35,,281.5,280.34,,,,83438.0,,,,,,,,,
2020-01-04T03:00:00+00:00,2022-02-04T16:55:11.373028+00:00,2023-01-12T00:23:16.918659+00:00,1578106800.0,US-MIDA-PJM,409.97,339.66,413.14,,232.03,87320.09,0.0,0.0,1555.0,5971.0,82904.09,"eia.gov,pjm.com",60.03,2.02,60.49,1.85,32881.29,,,15059.37,562.07,0.0,1056.15,36595.55,212.99,952.68,31459.38,0.0,0.0,14165.77,527.9,0.0,1146.77,34507.21,198.69,898.38,0.0,0.0,0.0,,-648.0,409.95,21.0,414.14,498.0,220.4,-352.0,409.95,-4956.0,409.95,-15.0,409.95,1036.0,233.93,1.22,0.07,0.0,281.29,280.14,1.24,,,78847.0,,,,,,,,,
2020-01-04T04:00:00+00:00,2022-02-04T16:49:58.284222+00:00,2023-01-12T00:23:22.177313+00:00,1578110400.0,US-MIDA-PJM,401.44,332.84,404.5,,234.47,83791.46,0.0,0.0,1542.0,5661.0,79672.46,"eia.gov,pjm.com",58.44,2.05,58.89,1.88,32872.62,,,14432.12,644.03,0.0,933.33,33979.15,213.01,717.19,31479.19,0.0,0.0,13597.03,605.96,0.0,1014.44,32084.48,198.89,678.12,0.0,14.35,0.0,,-321.0,401.37,21.0,426.23,561.0,221.41,-399.0,401.37,-4866.0,401.37,-75.0,401.37,960.0,237.9,1.34,0.17,,281.12,280.02,,,,74628.0,,,,,,,,,
2020-01-04T05:00:00+00:00,2022-02-04T16:49:58.284222+00:00,2023-01-12T00:15:13.178380+00:00,1578114000.0,US-MIDA-PJM,380.61,314.44,383.18,,236.14,81826.43,0.0,0.0,1458.0,5972.0,77312.43,"eia.gov,pjm.com",55.68,3.68,56.07,3.57,33025.51,,,13000.39,1994.97,0.0,925.31,31969.71,217.99,692.55,31415.89,0.0,0.0,12176.35,1855.84,0.0,950.8,30019.56,202.36,653.03,0.0,38.6,0.0,,-186.0,380.58,25.0,434.57,650.0,215.31,-470.0,380.58,-4846.0,380.58,-470.0,380.58,783.0,247.09,1.49,0.2,,280.98,279.89,,,,71909.0,,,,,,,,,
2020-01-04T06:00:00+00:00,2022-02-04T16:49:58.102721+00:00,2023-01-12T00:23:20.739679+00:00,1578117600.0,US-MIDA-PJM,372.7,307.15,375.29,,240.95,77595.19,0.0,0.0,1523.0,6513.0,72605.19,"eia.gov,pjm.com",54.81,2.51,55.21,2.38,32907.16,,,11779.79,953.95,0.0,892.79,30133.81,218.29,709.4,30985.16,0.0,0.0,10919.44,878.83,0.0,884.56,28012.38,200.33,662.43,0.0,62.06,0.0,,-126.0,372.7,25.0,442.29,721.0,217.82,-490.0,372.7,-5461.0,372.7,-436.0,372.7,777.0,255.94,1.6,0.12,0.0,280.82,279.76,2.38,,,70438.0,,,,,,,,,
2020-01-04T07:00:00+00:00,2022-02-04T16:49:58.778849+00:00,2023-01-12T00:23:20.739679+00:00,1578121200.0,US-MIDA-PJM,365.13,299.95,367.44,,232.09,76860.15,0.0,0.0,1335.0,6753.0,71442.15,"eia.gov,pjm.com",54.14,2.79,54.5,2.68,32911.06,,,11037.47,1098.5,0.0,959.35,29908.09,222.33,723.35,30770.19,0.0,0.0,10168.68,1006.34,0.0,919.86,27634.41,203.13,672.27,0.0,67.26,0.0,,-123.0,365.12,28.0,438.85,764.0,211.04,-477.0,365.12,-5560.0,365.12,-593.0,365.12,543.0,251.06,1.73,0.0,,280.62,279.58,,,,69687.0,,,,,,,,,
2020-01-04T08:00:00+00:00,2022-02-04T16:49:58.284222+00:00,2023-01-12T00:23:22.177313+00:00,1578124800.0,US-MIDA-PJM,357.81,293.38,360.29,,233.07,75633.09,0.0,0.0,1507.0,6093.0,71047.09,"eia.gov,pjm.com",53.23,2.94,53.62,2.82,32940.7,,,10466.15,1189.38,0.0,946.87,29134.93,227.09,727.97,31140.11,0.0,0.0,9738.08,1099.44,0.0,924.28,27188.81,209.16,680.86,0.0,66.36,0.0,,-112.0,357.81,25.0,404.72,742.0,210.34,-407.0,357.81,-5359.0,357.81,-215.0,357.81,740.0,250.06,1.87,-0.07,,280.43,279.35,,,,69900.0,,,,,,,,,
2020-01-04T09:00:00+00:00,2022-02-04T16:49:58.778849+00:00,2023-01-12T00:23:43.689021+00:00,1578128400.0,US-MIDA-PJM,354.62,290.36,357.26,,234.24,75558.0,0.0,0.0,1658.0,5305.0,71911.0,"eia.gov,pjm.com",52.95,3.15,53.37,3.02,32950.63,,,10207.1,1376.24,0.0,904.72,29170.35,228.12,720.83,31572.37,0.0,0.0,9614.51,1285.02,0.0,902.86,27565.5,212.46,684.33,0.0,73.95,0.0,,-176.0,354.62,29.0,417.47,830.0,212.78,-189.0,354.62,-4730.0,354.62,-210.0,354.62,799.0,249.89,2.0,0.0,0.0,280.31,279.24,1.04,,,71289.0,,,,,,,,,
2020-01-04T10:00:00+00:00,2022-02-04T16:49:58.284222+00:00,2023-01-12T00:23:22.177313+00:00,1578132000.0,US-MIDA-PJM,356.12,290.95,358.71,,237.91,76827.21,0.0,0.0,1685.0,5818.0,72694.21,"eia.gov,pjm.com",53.65,3.14,54.07,3.03,32961.06,,,10086.11,1373.55,0.0,955.31,30503.57,230.11,717.5,31411.73,0.0,0.0,9448.91,1274.1,0.0,942.17,28662.09,213.07,678.63,0.0,63.52,0.0,,-352.0,356.12,30.0,418.55,855.0,211.58,-214.0,356.12,-4998.0,356.12,-254.0,356.12,800.0,259.28,2.16,-0.08,,279.93,278.84,,,,73472.0,,,,,,,,,
2020-01-04T11:00:00+00:00,2022-02-04T16:49:58.101622+00:00,2023-01-12T00:15:13.178380+00:00,1578135600.0,US-MIDA-PJM,356.34,290.92,358.88,,240.37,78135.05,0.0,0.0,1715.0,6500.0,73350.05,"eia.gov,pjm.com",53.81,3.7,54.22,3.6,32963.49,,,10171.73,1484.11,0.0,1325.76,31248.61,231.96,709.4,31169.14,0.0,0.0,9464.69,1365.04,0.0,1297.56,29122.29,213.09,666.63,0.0,51.61,0.0,,-394.0,356.32,31.0,414.46,872.0,216.0,-227.0,356.32,-5542.0,356.32,-337.0,356.32,812.0,259.89,2.41,-0.16,,279.75,278.67,,,,77021.0,,,,,,,,,
2020-01-04T12:00:00+00:00,2022-02-04T16:49:58.102721+00:00,2023-01-12T00:23:20.739679+00:00,1578139200.0,US-MIDA-PJM,366.25,298.94,368.72,,234.82,81147.18,0.0,0.0,1524.0,6492.0,76179.18,"eia.gov,pjm.com",55.64,3.68,56.03,3.6,32764.71,,,10679.72,1567.17,0.57,1350.23,33830.25,230.9,723.63,30985.85,0.0,0.0,9949.08,1445.16,1.16,1342.07,31546.59,212.78,678.96,0.0,17.52,0.0,,-569.0,366.21,27.0,391.8,761.0,213.47,-191.0,366.21,-5434.0,366.21,-298.0,366.21,736.0,251.15,2.6,-0.3,0.0,279.48,278.37,1.33,,,80459.0,,,,,,,,,
2020-01-04T13:00:00+00:00,2022-02-04T16:49:58.102721+00:00,2023-01-12T00:23:22.177313+00:00,1578142800.0,US-MIDA-PJM,383.4,314.75,386.01,,236.14,84330.85,0.0,0.0,1494.0,6573.0,79251.85,"eia.gov,pjm.com",57.48,3.76,57.86,3.67,32437.24,,,12390.07,1733.8,9.69,1354.87,35453.71,229.89,721.58,30711.86,0.0,0.0,11545.02,1601.31,12.06,1370.36,33123.31,212.29,675.62,0.0,0.0,0.0,,-646.0,383.39,22.0,384.99,667.0,212.13,-207.0,383.39,-5398.0,383.39,-322.0,383.39,805.0,251.96,2.61,-0.47,,279.2,278.06,,,,82840.0,,,,,,,,,
2020-01-04T14:00:00+00:00,2022-02-04T16:49:58.102721+00:00,2023-01-12T00:23:22.177313+00:00,1578146400.0,US-MIDA-PJM,389.33,319.89,391.89,,242.07,86410.77,0.0,0.0,1500.0,6511.0,81399.77,"eia.gov,pjm.com",58.34,3.88,58.72,3.78,32408.71,,,12958.33,1872.58,21.7,1369.31,36824.96,227.87,727.3,30750.48,0.0,0.0,12107.62,1734.08,30.81,1392.71,34490.89,211.0,682.16,0.0,0.0,0.0,,-549.0,389.31,21.0,380.84,621.0,213.31,-228.0,389.31,-5416.0,389.31,-318.0,389.31,858.0,259.49,3.01,-0.67,,279.25,277.85,,,,83695.0,,,,,,,,,
2020-01-04T15:00:00+00:00,2022-02-04T16:49:58.284222+00:00,2023-01-12T00:23:43.689021+00:00,1578150000.0,US-MIDA-PJM,400.38,330.32,403.22,,245.4,88384.48,0.0,0.0,1621.0,6131.0,83874.48,"eia.gov,pjm.com",59.37,3.76,59.77,3.63,32351.04,,,14270.2,1940.59,62.73,1202.73,37604.57,225.83,726.79,30927.99,0.0,0.0,13418.29,1808.53,74.77,1268.82,35479.56,210.46,686.06,0.0,0.0,0.0,,-496.0,400.38,22.0,381.3,674.0,221.76,-166.0,400.38,-5142.0,400.38,-327.0,400.38,925.0,259.4,3.2,-0.94,36.73,279.45,277.59,0.67,,,83569.0,,,,,,,,,
2020-01-04T16:00:00+00:00,2022-02-04T16:55:11.373028+00:00,2023-01-12T00:23:16.918659+00:00,1578153600.0,US-MIDA-PJM,399.35,330.11,402.21,,244.72,88816.7,0.0,0.0,1644.0,6005.0,84455.7,"eia.gov,pjm.com",58.77,4.49,59.17,4.38,32377.33,,,14694.48,2631.03,107.08,1152.32,36924.27,223.91,706.28,31031.13,0.0,0.0,13842.61,2456.46,123.66,1210.19,34914.23,209.06,668.36,0.0,0.0,0.0,,-392.0,399.35,27.0,382.01,776.0,222.23,-151.0,399.35,-5049.0,399.35,-413.0,399.35,841.0,261.05,3.48,-1.12,,279.68,277.4,,,,82762.0,,,,,,,,,
2020-01-04T17:00:00+00:00,2022-02-04T16:49:58.284222+00:00,2023-01-12T00:23:43.689021+00:00,1578157200.0,US-MIDA-PJM,390.87,322.51,393.46,,243.17,88378.35,0.0,0.0,1551.0,6284.0,83645.35,"eia.gov,pjm.com",57.72,5.41,58.08,5.32,32340.29,,,14067.39,3425.92,192.01,1088.16,36305.35,222.72,736.5,30840.1,0.0,0.0,13197.26,3187.06,205.18,1120.01,34177.61,207.16,695.05,0.0,15.92,0.0,,-348.0,390.87,29.0,383.15,834.0,224.48,-214.0,390.87,-5210.0,390.87,-512.0,390.87,688.0,259.93,3.77,-1.21,,279.75,277.05,,,,81813.0,,,,,,,,,
2020-01-04T18:00:00+00:00,2022-02-04T16:49:58.101622+00:00,2023-01-12T00:23:22.177313+00:00,1578160800.0,US-MIDA-PJM,380.43,312.8,382.91,,245.65,88486.65,0.0,0.0,1633.0,6852.0,83267.65,"eia.gov,pjm.com",56.66,6.51,57.02,6.43,32341.78,,,13181.52,4381.03,198.11,1107.03,36194.25,218.85,864.09,30669.78,0.0,0.0,12297.11,4048.89,206.19,1132.22,33867.47,202.22,809.49,0.0,34.3,0.0,,-340.0,380.42,30.0,385.97,871.0,225.87,-260.0,380.42,-5705.0,380.42,-547.0,380.42,732.0,263.45,4.16,-1.45,112.16,279.75,276.7,1.33,,,81230.0,,,,,,,,,
2020-01-04T19:00:00+00:00,2022-02-04T16:49:58.284222+00:00,2023-01-12T00:23:22.177313+00:00,1578164400.0,US-MIDA-PJM,372.79,305.65,375.33,,243.21,88199.04,0.0,0.0,1724.0,6252.0,83671.04,"eia.gov,pjm.com",55.9,7.17,56.28,7.09,32313.2,,,12458.23,4812.1,274.37,1162.59,35964.92,216.88,996.74,30900.82,0.0,0.0,11710.73,4479.03,280.27,1199.13,33915.31,201.81,940.85,0.0,43.09,0.0,,-319.0,372.79,32.0,381.47,932.0,221.22,-334.0,372.79,-5300.0,372.79,-299.0,372.79,760.0,264.36,4.46,-1.61,,279.56,276.25,,,,81657.0,,,,,,,,,
2020-01-04T20:00:00+00:00,2022-02-04T16:49:58.284222+00:00,2023-01-12T00:23:43.689021+00:00,1578168000.0,US-MIDA-PJM,373.99,306.52,376.6,,245.41,88411.2,0.0,0.0,1794.0,6223.0,83982.2,"eia.gov,pjm.com",56.16,6.98,56.55,6.87,32342.44,,,12448.44,4576.6,135.19,1362.15,36259.99,214.99,1071.41,30960.1,0.0,0.0,11707.97,4262.92,150.28,1399.36,34241.11,200.17,1011.2,0.0,49.08,0.0,,-422.0,373.99,28.0,349.0,885.0,220.96,-382.0,373.99,-5242.0,373.99,-177.0,373.99,881.0,266.69,4.51,-1.89,,279.19,275.85,,,,83939.0,,,,,,,,,
2020-01-04T21:00:00+00:00,2022-02-04T16:49:58.284222+00:00,2023-01-12T00:15:13.178380+00:00,1578171600.0,US-MIDA-PJM,377.71,309.92,380.15,,251.72,89958.23,0.0,0.0,1742.0,6218.0,85482.23,"eia.gov,pjm.com",56.53,7.26,56.87,7.19,32325.97,,,12917.39,4596.55,63.47,1809.11,36747.13,214.89,1283.73,30958.8,0.0,0.0,12160.86,4287.15,69.22,1824.62,34749.26,200.33,1208.8,0.0,23.18,0.0,,-419.0,377.71,26.0,361.74,784.0,225.14,-258.0,377.71,-5076.0,377.71,-465.0,377.71,932.0,271.01,4.46,-1.9,164.9,278.56,275.2,0.49,,,88217.0,,,,,,,,,
2020-01-04T22:00:00+00:00,2022-02-04T16:55:11.373028+00:00,2023-01-12T00:23:20.739679+00:00,1578175200.0,US-MIDA-PJM,379.4,311.87,381.73,,253.1,93824.93,0.0,0.0,1729.0,6123.0,89430.93,"eia.gov,pjm.com",56.33,8.88,56.66,8.82,32394.27,,,13950.85,4757.87,0.0,3515.51,37735.69,212.76,1257.98,31112.16,0.0,0.0,13191.03,4454.8,1.76,3484.95,35798.67,199.14,1188.42,0.0,0.0,0.0,,-430.0,379.4,28.0,372.97,781.0,235.27,-274.0,379.4,-4799.0,379.4,-620.0,379.4,920.0,264.59,4.36,-1.98,,277.96,274.87,,,,88850.0,,,,,,,,,
2020-01-04T23:00:00+00:00,2022-02-04T16:55:11.373028+00:00,2023-01-12T00:23:16.918659+00:00,1578178800.0,US-MIDA-PJM,385.71,317.66,387.99,,254.18,94837.65,0.0,0.0,1647.0,6396.0,90088.65,"eia.gov,pjm.com",57.05,8.61,57.37,8.5,32370.16,,,14601.4,4771.14,0.0,3290.49,38364.77,208.98,1230.71,30935.79,0.0,0.0,13765.08,4456.24,0.27,3302.97,36274.1,195.14,1159.05,0.0,0.0,0.0,,-602.0,385.7,21.0,374.32,675.0,247.18,-269.0,385.7,-4829.0,385.7,-696.0,385.7,951.0,256.5,4.33,-1.96,,277.07,274.21,,,,88156.0,,,,,,,,,
2020-01-05T00:00:00+00:00,2022-02-04T16:49:58.101622+00:00,2023-01-12T00:23:22.177313+00:00,1578182400.0,US-MIDA-PJM,381.41,313.97,383.37,,251.51,94258.82,0.0,0.0,1426.0,6630.0,89054.82,"eia.gov,pjm.com",56.38,9.1,56.66,9.0,32374.71,,,14322.82,5004.72,0.0,3476.58,37634.95,208.87,1236.17,30741.95,0.0,0.0,13440.52,4658.93,2.11,3441.13,35415.98,194.41,1159.78,0.0,0.0,0.0,,-775.0,381.41,16.0,373.26,560.0,245.88,-268.0,381.41,-4873.0,381.41,-714.0,381.41,850.0,252.92,4.53,-2.23,92.35,276.46,273.71,0.98,,,87091.0,,,,,,,,,
2020-01-05T01:00:00+00:00,2022-02-04T16:49:58.101622+00:00,2023-01-12T00:23:43.689021+00:00,1578186000.0,US-MIDA-PJM,384.94,317.08,386.78,,250.66,93241.32,0.0,0.0,1279.0,6666.0,87854.32,"eia.gov,pjm.com",56.98,8.1,57.23,8.0,32412.15,,,14277.83,5266.97,0.0,2196.2,37650.81,207.12,1230.23,30678.92,0.0,0.0,13369.91,4896.52,0.01,2223.48,35340.43,192.9,1152.14,0.0,0.02,0.0,,-713.0,384.95,14.0,385.34,535.0,244.89,-269.0,384.95,-4846.0,384.95,-838.0,384.95,730.0,252.29,4.71,-2.54,,275.93,273.12,,,,85314.0,,,,,,,,,
2020-01-05T02:00:00+00:00,2022-02-04T16:49:58.101622+00:00,2023-01-12T00:15:13.178380+00:00,1578189600.0,US-MIDA-PJM,392.76,324.03,394.6,,252.68,91676.67,0.0,0.0,1202.0,6209.0,86669.67,"eia.gov,pjm.com",58.07,6.44,58.32,6.33,32401.68,,,14469.73,4622.81,0.0,1184.89,37625.95,209.17,1162.43,30764.25,0.0,0.0,13593.3,4314.75,0.01,1263.89,35443.87,195.55,1094.02,0.0,0.02,0.0,,-811.0,392.77,14.0,385.13,498.0,239.72,-206.0,392.77,-4656.0,392.77,-536.0,392.77,690.0,259.34,4.76,-2.75,,275.4,272.5,,,,82617.0,,,,,,,,,
2020-01-05T03:00:00+00:00,2022-02-04T16:49:58.101622+00:00,2023-01-12T00:23:16.918659+00:00,1578193200.0,US-MIDA-PJM,395.07,326.28,396.68,,255.36,89451.42,0.0,0.0,1036.0,5971.0,84516.42,"eia.gov,pjm.com",58.24,5.38,58.45,5.3,32422.11,,,14342.94,3840.24,0.0,900.65,36568.31,212.1,1165.06,30752.94,0.0,0.0,13475.33,3587.66,0.0,957.01,34448.76,198.42,1096.27,0.0,0.02,0.0,,-788.0,395.02,13.0,387.52,459.0,236.94,-287.0,395.02,-4482.0,395.02,-414.0,395.02,564.0,267.3,4.74,-2.89,0.0,275.12,272.15,0.51,,,79061.0,,,,,,,,,
2020-01-05T04:00:00+00:00,2022-02-04T16:49:58.284222+00:00,2023-01-12T00:23:16.918659+00:00,1578196800.0,US-MIDA-PJM,381.6,314.34,382.62,,242.89,85214.41,0.0,0.0,629.0,5950.0,79893.41,"eia.gov,pjm.com",56.53,5.35,56.67,5.33,32382.84,,,12949.53,3678.81,0.0,863.98,34311.59,213.96,813.69,30458.44,0.0,0.0,12098.03,3424.23,0.0,848.73,32099.16,199.64,765.16,0.0,0.02,0.0,,-724.0,381.59,16.0,389.83,452.0,224.81,-373.0,381.59,-4566.0,381.59,-287.0,381.59,161.0,279.05,4.74,-2.92,,274.63,271.62,,,,75889.0,,,,,,,,,
2020-01-05T05:00:00+00:00,2022-02-04T16:49:58.102721+00:00,2023-01-12T00:23:43.689021+00:00,1578200400.0,US-MIDA-PJM,384.31,317.21,385.41,,234.16,80178.79,0.0,0.0,587.0,6107.0,74658.79,"eia.gov,pjm.com",56.52,2.37,56.67,2.35,32861.03,,,12601.8,942.13,0.0,939.68,31899.71,213.23,721.22,30690.08,0.0,0.0,11690.81,871.48,0.0,899.99,29634.21,197.11,675.12,0.0,0.0,0.0,,-745.0,384.33,19.0,383.78,499.0,222.48,-379.0,384.33,-4855.0,384.33,-128.0,384.33,69.0,277.45,4.74,-2.92,,274.21,271.16,,,,74124.0,,,,,,,,,
2020-01-05T06:00:00+00:00,2022-02-04T16:49:58.778849+00:00,2023-02-10T02:47:19.790578+00:00,1578204000.0,US-MIDA-PJM,376.71,309.28,378.03,,222.62,83130.8,0.0,0.0,710.0,8272.0,75568.8,"eia.gov,pjm.com",56.39,4.52,56.58,4.47,32385.26,,,12015.04,2945.41,0.0,768.35,34109.11,216.28,691.35,29537.17,0.0,0.22,10869.54,2661.58,0.0,752.85,30919.3,194.95,633.19,0.0,0.0,0.0,,-815.0,376.71,20.0,384.67,518.0,222.28,-465.0,376.71,-6992.0,376.71,148.0,194.61,24.0,267.82,4.72,-2.68,0.0,273.82,270.72,0.82,,,73352.0,,,,,,,,,
2020-01-05T07:00:00+00:00,2022-02-04T16:49:58.284222+00:00,2023-02-10T02:39:04.634021+00:00,1578207600.0,US-MIDA-PJM,375.02,307.56,376.14,,230.3,82497.82,0.0,0.0,642.0,8032.0,75107.82,"eia.gov,pjm.com",56.31,4.29,56.47,4.27,32391.13,,,11705.97,2732.81,0.0,787.66,33966.14,220.03,694.09,29588.59,0.0,0.08,10618.29,2471.73,0.0,754.06,30840.96,198.78,635.32,0.0,0.0,0.0,,-842.0,375.02,20.0,386.64,515.0,225.19,-468.0,375.02,-6722.0,375.02,60.0,193.26,47.0,267.04,4.66,-2.61,,273.53,270.41,,,,73191.0,,,,,,,,,
2020-01-05T08:00:00+00:00,2022-02-04T16:49:58.101622+00:00,2023-02-10T02:47:49.308902+00:00,1578211200.0,US-MIDA-PJM,379.14,311.29,380.12,,236.51,83286.43,0.0,0.0,571.0,7764.0,76093.43,"eia.gov,pjm.com",56.8,4.16,56.94,4.14,32419.45,,,12076.13,2650.88,0.0,795.89,34435.72,220.25,688.11,29710.82,0.0,0.02,10999.18,2406.54,0.0,756.87,31388.89,199.86,631.24,0.0,0.0,0.0,,-773.0,379.14,17.0,388.17,450.0,226.79,-399.0,379.14,-6592.0,379.14,18.0,196.67,86.0,265.71,4.58,-2.36,,273.31,270.09,,,,73849.0,,,,,,,,,
2020-01-05T09:00:00+00:00,2022-02-04T16:49:58.102721+00:00,2023-02-10T02:47:49.308902+00:00,1578214800.0,US-MIDA-PJM,376.87,309.72,377.83,,247.86,83149.16,0.0,0.0,624.0,7024.0,76749.16,"eia.gov,pjm.com",56.2,4.71,56.33,4.7,32401.33,,,12174.77,3122.05,0.0,783.83,33761.32,224.07,681.79,29999.94,0.0,0.01,11204.61,2861.17,0.0,757.09,31089.39,205.29,631.67,0.0,0.0,0.0,,-654.0,376.87,17.0,392.35,468.0,237.77,-359.0,376.87,-6011.0,376.87,6.0,198.75,133.0,267.13,4.6,-2.06,0.0,273.36,270.17,0.24,,,75409.0,,,,,,,,,
2020-01-05T10:00:00+00:00,2022-02-04T16:49:58.778849+00:00,2023-01-12T00:23:22.177313+00:00,1578218400.0,US-MIDA-PJM,378.18,310.91,378.99,,253.5,84139.51,0.0,0.0,544.0,8323.0,76360.51,"eia.gov,pjm.com",56.35,4.99,56.47,4.97,32448.26,,,12391.45,3324.9,0.0,856.61,34181.93,224.83,711.53,29524.5,0.0,0.0,11222.89,2998.48,0.0,810.3,30954.19,202.74,647.4,0.0,0.0,0.0,,-727.0,378.18,16.0,392.67,438.0,246.26,-359.0,378.18,-7173.0,378.18,-64.0,378.18,90.0,264.01,4.39,-1.84,,272.98,269.64,,,,77664.0,,,,,,,,,
2020-01-05T11:00:00+00:00,2022-02-04T16:49:58.101622+00:00,2023-01-12T00:23:43.689021+00:00,1578222000.0,US-MIDA-PJM,379.06,312.15,379.71,,260.51,85981.22,0.0,0.0,475.0,9003.0,77453.22,"eia.gov,pjm.com",56.14,6.05,56.23,6.02,32453.64,,,12976.09,4035.66,0.0,1140.61,34440.26,221.81,713.15,29286.48,0.0,0.0,11670.49,3615.78,0.0,1069.12,30970.45,198.71,642.19,0.0,0.0,0.0,,-820.0,379.04,13.0,393.46,341.0,251.31,-386.0,379.04,-7723.0,379.04,-74.0,379.04,121.0,272.17,4.09,-1.39,,273.02,269.74,,,,80905.0,,,,,,,,,
2020-01-05T12:00:00+00:00,2022-02-04T16:49:58.101622+00:00,2023-01-12T00:23:43.689021+00:00,1578225600.0,US-MIDA-PJM,384.7,317.19,385.39,,254.05,89332.45,0.0,0.0,469.0,9153.0,80648.45,"eia.gov,pjm.com",56.85,6.74,56.95,6.69,32476.65,,,13843.77,4675.19,22.71,1281.42,36100.55,219.05,713.11,29361.64,0.0,0.0,12476.9,4198.98,20.66,1217.62,32533.42,196.72,642.5,0.0,0.0,0.0,,-818.0,384.71,13.0,392.84,306.0,244.52,-427.0,384.71,-7728.0,384.71,-180.0,384.71,150.0,261.46,3.85,-0.97,0.0,272.89,269.63,0.34,,,83938.0,,,,,,,,,
2020-01-05T13:00:00+00:00,2022-02-04T16:49:58.101622+00:00,2023-01-12T00:23:20.739679+00:00,1578229200.0,US-MIDA-PJM,379.97,313.49,380.85,,254.75,91223.2,0.0,0.0,642.0,8483.0,83382.2,"eia.gov,pjm.com",55.87,8.47,56.0,8.41,32472.45,,,14187.11,5906.53,380.23,1382.2,35961.85,219.93,712.91,29730.0,0.0,0.0,12933.39,5361.76,348.1,1356.02,32799.84,203.01,650.08,0.0,0.0,0.0,,-772.0,379.98,17.0,454.74,335.0,243.88,-265.0,379.98,-7420.0,379.98,-26.0,379.98,290.0,255.58,3.76,-0.63,,272.9,269.55,,,,85417.0,,,,,,,,,
2020-01-05T14:00:00+00:00,2022-02-04T16:49:58.778849+00:00,2023-01-12T00:23:43.689021+00:00,1578232800.0,US-MIDA-PJM,370.74,305.15,371.75,,248.16,92132.87,0.0,0.0,756.0,7799.0,85089.87,"eia.gov,pjm.com",54.72,9.93,54.86,9.89,32478.16,,,13739.01,6652.28,935.02,1520.32,35892.66,218.91,696.51,30083.49,0.0,0.0,12649.5,6094.88,871.69,1478.67,33063.52,204.17,643.96,0.0,0.0,0.0,,-633.0,370.74,18.0,456.84,469.0,244.23,-255.0,370.74,-6904.0,370.74,-7.0,370.74,269.0,241.03,4.02,-0.44,,273.61,269.6,,,,85350.0,,,,,,,,,
2020-01-05T15:00:00+00:00,2022-02-04T16:49:58.284222+00:00,2023-02-10T02:39:07.233507+00:00,1578236400.0,US-MIDA-PJM,370.42,304.75,371.96,,231.7,92299.29,0.0,0.0,1024.0,7940.0,85383.29,"eia.gov,pjm.com",54.76,9.91,54.98,9.84,32466.56,,,13701.77,6819.87,1011.44,1251.68,36139.8,218.07,690.1,30165.42,0.0,0.01,12609.69,6242.39,953.62,1262.48,33311.0,199.52,639.17,0.0,0.0,0.0,,-505.0,370.42,20.0,393.1,506.0,224.12,-211.0,370.42,-7224.0,370.42,5.0,237.81,493.0,232.87,4.08,-0.09,89.93,274.92,269.96,0.04,,,84862.0,,,,,,,,,
2020-01-05T16:00:00+00:00,2022-02-04T16:49:58.102721+00:00,2023-02-10T02:39:07.233507+00:00,1578240000.0,US-MIDA-PJM,368.97,303.36,370.58,,236.67,92431.23,0.0,0.0,1123.0,8033.0,85521.23,"eia.gov,pjm.com",54.67,10.04,54.89,9.97,32479.83,,,13569.93,7174.7,903.22,1137.49,36258.36,218.87,688.84,30183.26,0.0,0.11,12471.54,6564.21,856.76,1148.94,33441.11,200.08,638.36,0.0,16.87,0.0,,-435.0,368.97,15.0,384.54,488.0,218.02,-155.0,368.97,-7443.0,368.97,87.0,242.14,533.0,248.7,4.17,0.31,,276.0,270.2,,,,84325.0,,,,,,,,,
2020-01-05T17:00:00+00:00,2022-02-04T16:49:58.101622+00:00,2023-02-10T02:39:04.634021+00:00,1578243600.0,US-MIDA-PJM,365.88,301.06,367.53,,235.16,91474.85,0.0,0.0,1153.0,8429.0,84198.85,"eia.gov,pjm.com",53.98,10.26,54.22,10.18,32561.7,,,13489.46,7460.16,864.85,989.81,35198.99,216.86,693.01,30114.83,0.0,0.04,12335.11,6788.56,820.86,989.35,32277.53,197.13,636.8,0.0,38.63,0.0,,-164.0,365.88,0.0,,572.0,223.82,-83.0,365.88,-8182.0,365.88,34.0,242.04,547.0,246.59,4.49,0.68,,276.94,270.49,,,,83452.0,,,,,,,,,
2020-01-05T18:00:00+00:00,2022-02-04T16:49:58.102721+00:00,2023-01-12T00:15:13.178380+00:00,1578247200.0,US-MIDA-PJM,359.77,295.21,361.45,,231.51,90805.26,0.0,0.0,1188.0,8798.0,83195.26,"eia.gov,pjm.com",53.44,10.48,53.7,10.42,32579.27,,,12754.04,7404.91,873.19,1182.03,34992.35,215.02,804.44,30019.17,0.0,0.0,11613.89,6702.63,828.06,1140.19,31915.49,194.46,734.42,0.0,46.96,0.0,,-59.0,359.77,-20.0,359.77,691.0,221.71,-13.0,359.77,-8667.0,359.77,-39.0,359.77,497.0,245.13,4.82,0.87,232.35,277.66,270.84,0.07,,,82927.0,,,,,,,,,
2020-01-05T19:00:00+00:00,2022-02-04T16:55:11.373028+00:00,2023-01-12T00:23:22.177313+00:00,1578250800.0,US-MIDA-PJM,358.53,294.04,360.11,,235.27,90552.27,0.0,0.0,1160.0,9296.0,82416.27,"eia.gov,pjm.com",53.32,10.37,53.57,10.33,32692.48,,,12567.63,7374.67,810.82,1168.51,34796.74,214.79,926.63,29929.83,0.0,0.0,11372.95,6632.37,762.91,1103.2,31535.51,193.02,838.87,0.0,47.61,0.0,,-43.0,358.53,-16.0,358.53,686.0,223.33,-11.0,358.53,-9102.0,358.53,-124.0,358.53,474.0,252.56,4.97,0.97,,278.18,271.15,,,,83565.0,,,,,,,,,
2020-01-05T20:00:00+00:00,2022-02-04T16:49:58.102721+00:00,2023-01-12T00:15:13.178380+00:00,1578254400.0,US-MIDA-PJM,359.95,295.6,361.15,,266.49,90024.01,0.0,0.0,1154.0,9369.0,81809.01,"eia.gov,pjm.com",53.31,10.0,53.51,9.99,32855.23,,,12708.41,7126.76,647.25,1223.85,34284.02,212.07,966.41,30016.54,0.0,0.0,11507.25,6399.85,602.83,1136.18,31038.97,190.28,872.75,0.0,44.36,0.0,,-6.0,359.95,-19.0,359.95,641.0,230.37,37.0,914.67,-9265.0,359.95,-79.0,359.95,476.0,264.74,5.01,1.0,,278.39,271.47,,,,87073.0,,,,,,,,,
2020-01-05T21:00:00+00:00,2022-02-04T16:49:58.102721+00:00,2023-01-12T00:15:13.178380+00:00,1578258000.0,US-MIDA-PJM,367.0,301.23,368.56,,277.06,92367.86,0.0,0.0,1602.0,9241.0,84728.86,"eia.gov,pjm.com",54.63,9.49,54.86,9.53,32887.45,,,13116.4,6653.23,150.27,1999.49,36305.13,212.81,1043.07,30406.25,0.0,0.0,11971.28,6007.56,153.35,1865.41,33152.24,191.89,970.09,0.0,10.79,0.0,,177.0,247.96,-8.0,366.97,631.0,237.92,61.0,902.54,-9071.0,366.97,-162.0,366.97,733.0,265.74,4.47,1.05,301.05,278.23,271.88,0.04,,,93529.0,,,,,,,,,
2020-01-05T22:00:00+00:00,2022-02-04T16:55:11.373028+00:00,2023-01-12T00:23:20.739679+00:00,1578261600.0,US-MIDA-PJM,379.62,312.88,381.02,,303.63,97642.03,0.0,0.0,1811.0,8511.0,90942.03,"eia.gov,pjm.com",55.84,10.2,56.05,10.23,32917.91,,,14990.29,6542.59,0.0,3448.75,38294.15,209.87,1238.47,30882.42,0.0,0.0,13912.9,5992.43,1.87,3284.34,35513.11,191.92,1163.07,0.0,0.0,0.0,,181.0,267.05,-9.0,379.57,609.0,241.1,118.0,908.67,-8458.0,379.57,-44.0,379.57,903.0,274.07,3.78,0.87,,277.27,272.17,,,,94653.0,,,,,,,,,
2020-01-05T23:00:00+00:00,2022-02-04T16:49:58.778849+00:00,2023-01-12T00:23:43.689021+00:00,1578265200.0,US-MIDA-PJM,397.92,329.77,399.28,,306.94,101658.88,0.0,0.0,1527.0,7964.0,95221.88,"eia.gov,pjm.com",57.83,9.51,58.04,9.43,33062.53,,,17232.98,6540.3,0.0,3049.99,40381.45,207.67,1183.97,31105.99,0.0,0.0,16102.9,6040.33,0.03,3010.9,37675.29,191.65,1094.79,0.0,0.0,0.0,,-19.0,397.92,-31.0,397.92,486.0,249.06,119.0,917.97,-7818.0,397.92,-96.0,397.92,922.0,258.59,3.66,0.84,,276.33,272.1,,,,94095.0,,,,,,,,,
2020-01-06T00:00:00+00:00,2022-02-04T16:49:58.284222+00:00,2023-01-12T00:23:22.177313+00:00,1578268800.0,US-MIDA-PJM,397.55,329.82,398.56,,331.75,100954.15,0.0,0.0,1544.0,7150.0,95348.15,"eia.gov,pjm.com",57.55,9.52,57.73,9.43,33147.03,,,17272.93,6770.43,0.0,2753.87,39595.33,203.07,1211.49,31400.95,0.0,0.0,16309.81,6302.88,0.02,2774.16,37242.23,188.9,1129.19,0.0,0.0,0.0,,-57.0,397.56,-50.0,397.56,397.0,256.06,168.0,914.74,-6939.0,397.56,-104.0,397.56,979.0,262.4,3.86,0.78,165.1,276.06,272.17,0.11,,,92982.0,,,,,,,,,
2020-01-06T01:00:00+00:00,2022-02-04T16:49:58.101622+00:00,2023-02-10T02:39:04.634021+00:00,1578272400.0,US-MIDA-PJM,405.46,337.26,406.35,,351.06,100706.41,0.0,0.0,1660.0,6533.0,95833.41,"eia.gov,pjm.com",58.34,8.57,58.52,8.46,33254.33,,,17963.95,6614.68,0.0,1904.62,39540.35,204.18,1224.29,31718.21,0.0,0.01,17106.23,6198.1,0.01,2010.13,37461.06,191.15,1148.52,0.0,0.0,0.0,,-108.0,405.43,-61.0,405.43,315.0,256.34,228.0,918.34,-6364.0,405.43,7.0,238.86,1110.0,262.12,3.96,0.63,,275.9,272.16,,,,90420.0,,,,,,,,,
2020-01-06T02:00:00+00:00,2022-02-04T16:49:58.778849+00:00,2023-01-12T00:23:43.689021+00:00,1578276000.0,US-MIDA-PJM,400.04,332.79,399.02,,442.93,97472.3,0.0,0.0,2315.0,6610.0,93177.3,"eia.gov,pjm.com",57.39,8.42,57.44,8.32,33374.49,,,17040.41,6719.5,0.0,1386.62,37549.54,207.16,1194.57,31862.89,0.0,0.0,16534.36,6280.96,0.0,1561.68,35625.53,193.44,1118.44,0.0,0.0,0.0,,-239.0,400.02,-50.0,400.02,326.0,261.36,650.0,918.47,-6308.0,400.02,-13.0,400.02,1339.0,256.28,4.02,0.49,,275.77,272.14,,,,86915.0,,,,,,,,,
2020-01-06T03:00:00+00:00,2022-02-04T16:55:11.373028+00:00,2023-02-10T02:48:49.520655+00:00,1578279600.0,US-MIDA-PJM,393.07,327.31,392.7,,409.68,94314.47,0.0,0.0,2033.0,6687.0,89660.47,"eia.gov,pjm.com",56.03,8.53,56.11,8.44,33430.1,,,16541.55,6891.78,0.0,1069.67,34957.11,208.97,1215.29,31769.61,0.0,0.16,15865.97,6421.95,0.0,1227.69,33046.16,194.47,1134.47,0.0,0.0,0.0,,-286.0,393.01,-47.0,393.01,318.0,271.97,473.0,917.68,-6354.0,393.01,94.0,218.83,1148.0,254.14,3.89,0.61,0.0,275.91,272.41,0.16,,,83018.0,,,,,,,,,
2020-01-06T04:00:00+00:00,2022-02-04T16:49:58.101622+00:00,2023-01-12T00:15:13.178380+00:00,1578283200.0,US-MIDA-PJM,373.06,309.29,374.06,,318.91,90204.55,0.0,0.0,1657.0,7130.0,84731.55,"eia.gov,pjm.com",53.74,8.96,53.9,8.92,33534.92,,,14704.33,7045.03,0.0,1002.17,33005.2,209.16,703.73,31604.35,0.0,0.0,13789.48,6505.14,0.0,1085.72,30902.27,192.93,651.64,0.0,0.0,0.0,,-15.0,373.05,-22.0,373.05,426.0,258.38,145.0,913.3,-6980.0,373.05,-113.0,373.05,1086.0,263.29,3.96,0.5,,275.78,272.41,,,,79931.0,,,,,,,,,
2020-01-06T05:00:00+00:00,2022-02-04T16:49:58.101622+00:00,2023-01-12T00:23:43.689021+00:00,1578286800.0,US-MIDA-PJM,374.5,307.62,375.89,,291.88,83934.41,0.0,0.0,1416.0,7052.0,78298.41,"eia.gov,pjm.com",55.89,5.26,56.11,5.19,32481.6,,,12179.9,3557.03,0.0,802.28,34020.71,213.15,679.75,30415.17,0.0,0.0,11319.22,3269.02,0.0,850.09,31623.15,195.54,626.21,0.0,0.0,0.0,,-130.0,374.53,-12.0,374.53,381.0,240.86,62.0,914.37,-6490.0,374.53,-420.0,374.53,973.0,272.19,4.0,0.34,,275.67,272.44,,,,79832.0,,,,,,,,,
2020-01-06T06:00:00+00:00,2022-02-04T16:55:11.373028+00:00,2023-01-12T00:23:16.918659+00:00,1578290400.0,US-MIDA-PJM,363.4,300.66,364.73,,265.09,87096.52,0.0,0.0,1175.0,6638.0,81633.52,"eia.gov,pjm.com",52.57,8.58,52.72,8.59,33695.22,,,13649.13,6758.45,0.0,723.41,31398.07,215.21,657.04,31715.65,0.0,0.0,12714.39,6254.3,0.0,751.35,29388.71,199.03,610.09,0.0,0.0,0.0,,-38.0,363.4,1.0,415.64,438.0,239.13,-63.0,363.4,-6286.0,363.4,-251.0,363.4,736.0,280.34,4.01,0.17,0.0,275.48,272.39,0.3,,,79476.0,,,,,,,,,
2020-01-06T07:00:00+00:00,2022-02-04T16:49:58.101622+00:00,2023-01-12T00:23:43.689021+00:00,1578294000.0,US-MIDA-PJM,365.51,302.49,366.61,,265.41,86659.93,0.0,0.0,954.0,6792.0,80821.93,"eia.gov,pjm.com",52.85,8.1,52.98,8.11,33716.75,,,13670.55,6281.37,0.0,745.6,31386.97,218.27,640.43,31555.3,0.0,0.0,12686.43,5796.99,0.0,751.92,29236.99,201.35,592.95,0.0,0.0,0.0,,-52.0,365.51,-2.0,365.51,403.0,241.28,-51.0,365.51,-6374.0,365.51,-313.0,365.51,551.0,283.06,3.97,0.0,,275.27,272.23,,,,80122.0,,,,,,,,,
2020-01-06T08:00:00+00:00,2022-02-04T16:49:58.101622+00:00,2023-01-12T00:23:20.739679+00:00,1578297600.0,US-MIDA-PJM,367.32,304.1,368.26,,302.5,86578.49,0.0,0.0,1261.0,7743.0,80096.49,"eia.gov,pjm.com",53.07,7.79,53.19,7.78,33785.58,,,13752.87,5954.47,0.0,785.35,31448.13,222.43,629.67,31350.02,0.0,0.0,12680.21,5433.75,0.0,808.44,29044.85,202.83,576.39,0.0,0.0,0.0,,-75.0,367.31,-6.0,367.31,393.0,251.02,52.0,909.92,-7542.0,367.31,-120.0,367.31,816.0,288.58,3.92,-0.19,,275.08,272.03,,,,82468.0,,,,,,,,,
2020-01-06T09:00:00+00:00,2022-02-04T16:55:11.373028+00:00,2023-01-12T00:23:43.689021+00:00,1578301200.0,US-MIDA-PJM,370.63,306.73,371.52,,292.31,87249.9,0.0,0.0,997.0,7273.0,80973.9,"eia.gov,pjm.com",53.68,7.46,53.8,7.43,33825.31,,,13847.34,5616.13,0.0,866.87,32125.89,228.08,740.29,31471.77,0.0,0.0,12817.63,5155.61,0.0,882.55,29755.83,209.28,681.24,0.0,0.0,0.0,,-164.0,370.62,-10.0,370.62,394.0,273.13,22.0,909.84,-7004.0,370.62,-95.0,370.62,581.0,281.94,3.95,-0.23,0.0,275.06,272.06,0.09,,,87457.0,,,,,,,,,
2020-01-06T10:00:00+00:00,2022-02-04T16:49:58.101622+00:00,2023-02-10T02:47:19.790578+00:00,1578304800.0,US-MIDA-PJM,378.73,312.95,379.9,,297.69,91512.01,0.0,0.0,1333.0,8186.0,84659.01,"eia.gov,pjm.com",55.31,7.58,55.5,7.49,33875.01,,,14452.31,5408.97,0.0,1441.09,35241.06,229.1,864.49,31412.45,0.0,0.01,13336.19,4934.46,0.0,1483.12,32493.4,208.9,790.49,0.0,0.0,0.0,,-253.0,378.56,2.0,474.47,456.0,270.58,36.0,911.61,-7933.0,378.56,8.0,201.96,831.0,286.46,3.87,-0.31,,274.66,271.69,,,,94462.0,,,,,,,,,
2020-01-06T11:00:00+00:00,2022-02-04T16:55:11.373028+00:00,2023-02-10T02:47:19.790578+00:00,1578308400.0,US-MIDA-PJM,408.48,339.57,409.87,,290.51,100040.33,0.0,0.0,1182.0,9200.0,92022.33,"eia.gov,pjm.com",58.9,7.13,59.1,7.0,33918.43,,,17931.29,4189.76,0.0,2810.22,39816.83,230.11,1143.68,31260.02,0.0,0.06,16423.29,3813.51,0.0,2744.63,36522.63,213.76,1044.44,0.0,0.0,0.0,,-523.0,408.44,21.0,552.96,347.0,268.65,-27.0,408.44,-8650.0,408.44,45.0,210.27,769.0,297.9,3.72,-0.36,,274.62,271.67,,,,99287.0,,,,,,,,,
2020-01-06T12:00:00+00:00,2022-02-04T16:49:58.778849+00:00,2023-02-10T02:47:19.790578+00:00,1578312000.0,US-MIDA-PJM,419.8,350.32,421.45,,291.4,105829.42,0.0,0.0,1356.0,9430.0,97755.42,"eia.gov,pjm.com",59.76,8.12,59.97,7.96,33940.37,,,20422.73,3380.41,22.88,5022.27,41783.29,231.8,1025.67,31402.55,0.0,0.18,18756.51,3088.99,21.45,4827.41,38492.82,221.46,944.05,0.0,0.0,0.0,,-707.0,419.8,52.0,522.8,379.0,282.04,-22.0,419.8,-8701.0,419.8,127.0,220.77,798.0,292.0,3.58,-0.33,0.0,274.35,271.41,0.17,,,99920.0,,,,,,,,,
2020-01-06T13:00:00+00:00,2022-02-04T16:49:58.101622+00:00,2023-02-10T02:39:04.634021+00:00,1578315600.0,US-MIDA-PJM,433.88,363.35,435.71,,283.35,106772.54,0.0,0.0,1298.0,9043.0,99027.54,"eia.gov,pjm.com",61.26,6.85,61.5,6.68,33972.99,,,21918.8,3072.46,369.75,3694.99,42417.79,229.02,1096.73,31573.13,0.0,0.21,20208.1,2821.12,342.94,3622.43,39234.41,212.17,1013.01,0.0,0.0,0.0,,-826.0,433.88,32.0,478.95,411.0,279.67,-22.0,433.88,-8195.0,433.88,147.0,227.22,708.0,288.31,3.5,-0.25,,274.18,271.2,,,,98480.0,,,,,,,,,
2020-01-06T14:00:00+00:00,2022-02-04T16:55:11.373028+00:00,2023-02-10T02:48:49.520655+00:00,1578319200.0,US-MIDA-PJM,436.5,365.97,438.88,,284.38,103974.29,0.0,0.0,1629.0,8425.0,97178.29,"eia.gov,pjm.com",61.46,5.78,61.78,5.56,33960.53,,,21682.31,2954.3,763.06,2062.12,41191.83,228.98,1131.15,31844.77,0.0,0.22,20130.43,2724.2,722.51,2165.14,38328.7,210.72,1051.59,0.0,0.0,0.0,,-665.0,436.49,24.0,457.95,564.0,270.55,22.0,909.48,-7760.0,436.49,141.0,229.58,878.0,281.66,3.7,-0.32,,275.02,271.34,,,,96821.0,,,,,,,,,
2020-01-06T15:00:00+00:00,2022-02-04T16:49:58.101622+00:00,2023-02-10T02:39:07.233507+00:00,1578322800.0,US-MIDA-PJM,433.7,363.18,435.84,,274.41,100911.91,0.0,0.0,1354.0,7745.0,94520.91,"eia.gov,pjm.com",61.33,4.84,61.61,4.72,33980.59,,,20619.05,2382.69,1030.41,1345.06,40203.73,228.77,1121.62,31974.9,0.0,0.26,19196.36,2208.47,988.4,1381.63,37509.7,211.45,1049.74,0.0,0.0,0.0,,-472.0,433.65,13.0,413.35,721.0,268.84,-65.0,433.65,-7208.0,433.65,163.0,233.58,457.0,293.79,3.66,-0.38,93.92,276.39,271.26,0.05,,,95064.0,,,,,,,,,
2020-01-06T16:00:00+00:00,2022-02-04T16:55:11.373028+00:00,2023-02-10T02:48:49.520655+00:00,1578326400.0,US-MIDA-PJM,419.0,349.54,421.43,,252.47,96813.97,0.0,0.0,1412.0,6109.0,92116.97,"eia.gov,pjm.com",59.8,4.99,60.11,4.81,33960.85,,,18521.88,2356.36,1027.39,1274.69,38335.31,225.71,1111.79,32431.84,0.0,0.65,17467.86,2228.85,1009.85,1335.42,36346.5,211.68,1063.42,0.0,20.92,0.0,,-284.0,418.98,24.0,382.73,872.0,254.36,-24.0,418.98,-5483.0,418.98,516.0,243.21,-318.0,418.98,3.57,-0.34,,277.59,271.21,,,,93416.0,,,,,,,,,
2020-01-06T17:00:00+00:00,2022-02-04T16:49:58.102721+00:00,2023-02-10T02:47:19.790578+00:00,1578330000.0,US-MIDA-PJM,411.21,342.11,413.45,,248.09,94710.63,0.0,0.0,1300.0,6994.0,89016.63,"eia.gov,pjm.com",59.18,4.83,59.49,4.66,33957.16,,,17319.39,2250.79,907.65,1256.07,37875.14,221.84,922.6,32029.98,0.0,0.54,16145.87,2100.51,889.27,1273.92,35458.07,205.69,873.76,0.0,39.03,0.0,,-395.0,411.21,34.0,387.53,883.0,243.89,-189.0,411.21,-5722.0,411.21,383.0,245.39,-688.0,411.21,3.54,-0.2,,278.61,271.11,,,,92182.0,,,,,,,,,
2020-01-06T18:00:00+00:00,2022-02-04T16:49:58.101622+00:00,2023-02-10T02:39:04.634021+00:00,1578333600.0,US-MIDA-PJM,405.58,336.84,407.53,,241.29,93460.65,0.0,0.0,1109.0,7944.0,86625.65,"eia.gov,pjm.com",58.64,4.91,58.91,4.79,33928.3,,,16560.08,2278.1,923.67,1271.15,37376.96,219.9,902.49,31579.48,0.0,0.31,15247.97,2093.72,891.92,1227.37,34502.86,201.44,840.81,0.0,39.78,0.0,,-349.0,405.58,31.0,364.54,884.0,236.4,-121.0,405.58,-7368.0,405.58,194.0,243.88,-106.0,405.58,3.53,-0.01,250.98,279.34,270.98,0.07,,,91208.0,,,,,,,,,
2020-01-06T19:00:00+00:00,2022-02-04T16:49:58.102721+00:00,2023-01-12T00:15:13.178380+00:00,1578337200.0,US-MIDA-PJM,400.96,332.92,403.03,,252.17,92473.37,0.0,0.0,1286.0,7704.0,86055.37,"eia.gov,pjm.com",57.88,5.29,58.19,5.16,33890.17,,,16230.61,2292.71,1000.21,1475.87,36488.21,217.91,877.67,31699.2,0.0,0.0,15007.15,2105.86,959.05,1426.19,33782.51,200.02,815.46,0.0,59.94,0.0,,-273.0,400.96,15.0,370.58,874.0,239.71,-136.0,400.96,-7254.0,400.96,-41.0,400.96,397.0,275.11,3.5,0.04,,279.73,270.84,,,,91337.0,,,,,,,,,
2020-01-06T20:00:00+00:00,2022-02-04T16:55:11.373028+00:00,2023-01-12T00:15:13.178380+00:00,1578340800.0,US-MIDA-PJM,402.33,333.83,404.52,,257.24,92466.4,0.0,0.0,1396.0,7875.0,85987.4,"eia.gov,pjm.com",58.28,4.86,58.62,4.72,33893.4,,,16114.35,2068.91,727.61,1571.35,36984.15,216.93,889.71,31694.39,0.0,0.0,14884.37,1897.75,697.76,1522.05,34206.05,198.73,825.03,0.0,61.25,0.0,,-141.0,402.33,6.0,376.85,861.0,244.96,-45.0,402.33,-7308.0,402.33,-381.0,402.33,529.0,275.86,3.32,0.02,,279.77,270.78,,,,94051.0,,,,,,,,,
2020-01-06T21:00:00+00:00,2022-02-04T16:49:58.102721+00:00,2023-01-12T00:23:16.918659+00:00,1578344400.0,US-MIDA-PJM,406.05,337.12,407.99,,292.78,92346.79,0.0,0.0,1581.0,6038.0,87889.79,"eia.gov,pjm.com",58.8,4.27,59.11,4.19,33900.03,,,16198.03,1934.57,190.4,1740.16,37029.37,215.73,1138.5,32457.54,0.0,0.0,15350.13,1814.3,190.19,1729.07,35048.05,201.86,1077.32,0.0,21.32,0.0,,21.0,253.07,22.0,400.66,817.0,257.03,50.0,879.87,-5749.0,406.06,-289.0,406.06,671.0,290.26,2.55,0.34,340.85,279.53,271.37,0.01,,,99710.0,,,,,,,,,
2020-01-06T22:00:00+00:00,2022-02-04T16:49:58.102721+00:00,2023-01-12T00:23:43.689021+00:00,1578348000.0,US-MIDA-PJM,407.34,337.93,408.97,,309.34,98771.73,0.0,0.0,1653.0,5320.0,95104.73,"eia.gov,pjm.com",59.04,6.42,59.31,6.36,33912.77,,,17308.66,2028.55,0.0,4251.91,39905.61,211.93,1152.29,32851.92,0.0,0.0,16631.92,1924.04,1.01,4177.71,38219.32,200.71,1098.09,0.0,0.0,0.0,,-172.0,407.29,37.0,397.26,825.0,269.81,73.0,874.38,-5063.0,407.29,-85.0,407.29,718.0,292.77,2.3,0.11,,277.72,271.22,,,,101225.0,,,,,,,,,
2020-01-06T23:00:00+00:00,2022-02-04T16:49:58.101622+00:00,2023-01-12T00:23:16.918659+00:00,1578351600.0,US-MIDA-PJM,425.56,355.26,427.5,,314.36,103343.44,0.0,0.0,1802.0,5206.0,99939.44,"eia.gov,pjm.com",60.62,6.4,60.92,6.28,33894.96,,,20165.47,2049.71,0.0,4445.19,41451.17,210.89,1126.05,32961.09,0.0,0.0,19440.72,1951.13,0.4,4446.74,39862.7,200.45,1076.22,0.0,0.0,0.0,,-357.0,425.56,27.0,419.04,788.0,286.25,86.0,878.59,-4846.0,425.56,-3.0,425.56,901.0,281.96,1.98,0.3,,276.68,270.9,,,,100980.0,,,,,,,,,
2020-01-07T00:00:00+00:00,2022-02-04T16:49:58.778849+00:00,2023-02-10T02:39:07.233507+00:00,1578355200.0,US-MIDA-PJM,433.08,362.5,435.05,,318.86,102756.67,0.0,0.0,1769.0,5648.0,98877.67,"eia.gov,pjm.com",61.27,5.6,61.58,5.45,33881.01,,,20872.11,2050.89,0.0,3547.08,41047.74,209.03,1148.8,32754.83,0.0,0.03,20024.59,1943.4,0.39,3591.85,39271.24,197.74,1093.61,0.0,0.0,0.0,,-359.0,433.08,31.0,461.93,750.0,291.58,103.0,883.66,-5289.0,433.08,31.0,250.85,854.0,271.98,1.9,0.29,186.27,276.24,270.77,0.02,,,100383.0,,,,,,,,,